Estacion	Fecha	Año	Mes	T Maxima	T Media	T Minima	Precipitacion	Latitud	Longitud
Jocolí	nov-06	2006	11	37,1	21,8	6,1		-32,59527222	-68,59766111
Jocolí	dic-06	2006	12	40,2	25,4	10,5		-32,59527222	-68,59766111
Jocolí	ene-07	2007	1	37,1	25,3	13,9		-32,59527222	-68,59766111
Jocolí	feb-07	2007	2	39,5	23,8	7,8		-32,59527222	-68,59766111
Jocolí	mar-07	2007	3	35,3	20,9	2,2		-32,59527222	-68,59766111
Jocolí	abr-07	2007	4	30,6	16,1	2,4		-32,59527222	-68,59766111
Jocolí	may-07	2007	5	22,4	9,8	-4,9		-32,59527222	-68,59766111
Jocolí	jun-07	2007	6	23,1	6,2	-5,9		-32,59527222	-68,59766111
Jocolí	jul-07	2007	7	27,2	5,7	-9,6		-32,59527222	-68,59766111
Jocolí	ago-07	2007	8	23,9	6,2	-7,7		-32,59527222	-68,59766111
Jocolí	sep-07	2007	9	33,9	14,7	-1,8		-32,59527222	-68,59766111
Jocolí	oct-07	2007	10	35,7	19,4	4		-32,59527222	-68,59766111
Jocolí	nov-07	2007	11	37,5	21,4	4,4		-32,59527222	-68,59766111
Jocolí	dic-07	2007	12	40,6	24,2	8,6		-32,59527222	-68,59766111
Jocolí	ene-08	2008	1	39,4	24,9	12,7		-32,59527222	-68,59766111
Jocolí	feb-08	2008	2	36,8	23,6	12,1		-32,59527222	-68,59766111
Jocolí	mar-08	2008	3	32,7	21,3	10,2		-32,59527222	-68,59766111
Jocolí	abr-08	2008	4	31,5	16,4	-3,2		-32,59527222	-68,59766111
Jocolí	may-08	2008	5	28,5	11,4	-3,9		-32,59527222	-68,59766111
Jocolí	jun-08	2008	6	22,6	6,2	-5		-32,59527222	-68,59766111
Jocolí	jul-08	2008	7	25,3	8,7	-3,4		-32,59527222	-68,59766111
Jocolí	ago-08	2008	8	33,2	10,1	-2,7		-32,59527222	-68,59766111
Jocolí	sep-08	2008	9	33,9	14,1	-3,5		-32,59527222	-68,59766111
Jocolí	oct-08	2008	10	33,2	19,7	6,3		-32,59527222	-68,59766111
Jocolí	nov-08	2008	11	38,6	23,5	7	38,2	-32,59527222	-68,59766111
Jocolí	dic-08	2008	12	39	24,6	11,5	19	-32,59527222	-68,59766111
Jocolí	ene-09	2009	1	40,4	24,6	12,2	27,4	-32,59527222	-68,59766111
Jocolí	feb-09	2009	2	39,3	24,7	8,9	2	-32,59527222	-68,59766111
Jocolí	mar-09	2009	3	37,5	23	10,3	67,6	-32,59527222	-68,59766111
Jocolí	abr-09	2009	4	33,4	19,2	5,1	0	-32,59527222	-68,59766111
Jocolí	may-09	2009	5	29,9	12,3	-1,5	2,6	-32,59527222	-68,59766111
Jocolí	jun-09	2009	6	29,8	8	-4,8	6,2	-32,59527222	-68,59766111
Jocolí	jul-09	2009	7	25,2	6,4	-7,2	1,6	-32,59527222	-68,59766111
Jocolí	ago-09	2009	8	20	7,5	-2,4	0	-32,59527222	-68,59766111
Jocolí	sep-09	2009	9	27,6	12,7	-1,3	2	-32,59527222	-68,59766111
Jocolí	oct-09	2009	10	41,5	18,9	1,1	1	-32,59527222	-68,59766111
Jocolí	nov-09	2009	11	39,5	22,2	4	0,4	-32,59527222	-68,59766111
Jocolí	dic-09	2009	12	38,3	24	10,5	13	-32,59527222	-68,59766111
Jocolí	ene-10	2010	1	42,9	26,5	11	23,2	-32,59527222	-68,59766111
Jocolí	feb-10	2010	2	38,6	24,5	13,2	0	-32,59527222	-68,59766111
Jocolí	mar-10	2010	3	36,9	23,4	10,2	17,4	-32,59527222	-68,59766111
Jocolí	abr-10	2010	4	28,1	15,3	1,8	0	-32,59527222	-68,59766111
Jocolí	may-10	2010	5	27,5	10,8	-1,4	12,4	-32,59527222	-68,59766111
Jocolí	jun-10	2010	6	31,4	7,8	-4,8	1,6	-32,59527222	-68,59766111
Jocolí	jul-10	2010	7	25,5	5,3	-8,5	2,4	-32,59527222	-68,59766111
Jocolí	ago-10	2010	8	34,7	8,9	-6,1	1	-32,59527222	-68,59766111
Jocolí	sep-10	2010	9	28,2	14	-2,3	5	-32,59527222	-68,59766111
Jocolí	oct-10	2010	10	32,4	17,7	0,2	15	-32,59527222	-68,59766111
Jocolí	nov-10	2010	11	38,2	21,5	0,4	2,8	-32,59527222	-68,59766111
Jocolí	dic-10	2010	12	38,5	24,3	4,4	11	-32,59527222	-68,59766111
Jocolí	ene-11	2011	1	38,4	24,5	11,1	59,8	-32,59527222	-68,59766111
Jocolí	feb-11	2011	2	37,3	22,8	11,9	62	-32,59527222	-68,59766111
Jocolí	mar-11	2011	3	33,8	20,4	4,7	38	-32,59527222	-68,59766111
Jocolí	abr-11	2011	4	35,3	16,7	1,8	1	-32,59527222	-68,59766111
Jocolí	may-11	2011	5	25,5	11	-2,3	0,2	-32,59527222	-68,59766111
Jocolí	jun-11	2011	6	21,2	6,6	-8,6	0,2	-32,59527222	-68,59766111
Jocolí	jul-11	2011	7	28,3	6	-8	1,2	-32,59527222	-68,59766111
Jocolí	ago-11	2011	8	25,6	8,8	-6	0,6	-32,59527222	-68,59766111
Jocolí	sep-11	2011	9	35	14,9	-2,8	0,2	-32,59527222	-68,59766111
Jocolí	oct-11	2011	10	34,2	17,9	0,2	47	-32,59527222	-68,59766111
Jocolí	nov-11	2011	11	37,2	22,1	6,1	34	-32,59527222	-68,59766111
Jocolí	dic-11	2011	12	37,2	24,1	9,9	11	-32,59527222	-68,59766111
Jocolí	ene-12	2012	1	40,5	26,4	14,5	69	-32,59527222	-68,59766111
Jocolí	feb-12	2012	2	37	24,5	12	26,6	-32,59527222	-68,59766111
Jocolí	mar-12	2012	3	37,6	22,4	4,3	23	-32,59527222	-68,59766111
Jocolí	abr-12	2012	4	71	16,3	-2,1	4,4	-32,59527222	-68,59766111
Jocolí	may-12	2012	5	25,8	12,2	-2,4	0,2	-32,59527222	-68,59766111
Jocolí	jun-12	2012	6	29,4	6,9	-7	0	-32,59527222	-68,59766111
Jocolí	jul-12	2012	7	21,8	6,1	-8,3	0,4	-32,59527222	-68,59766111
Jocolí	ago-12	2012	8	25,5	10	-4,6	0	-32,59527222	-68,59766111
Jocolí	sep-12	2012	9	30,4	15,1	-1,1	13	-32,59527222	-68,59766111
Jocolí	oct-12	2012	10	32,1	17,9	4,8	2	-32,59527222	-68,59766111
Jocolí	nov-12	2012	11	41,6	22,2	0	0,4	-32,59527222	-68,59766111
Jocolí	dic-12	2012	12	43,9	25,2	9,4	0,4	-32,59527222	-68,59766111
Jocolí	ene-13	2013	1	38,8	25,7	11,2	44	-32,59527222	-68,59766111
Jocolí	feb-13	2013	2	38,7	24,8	9,5	4,2	-32,59527222	-68,59766111
Jocolí	mar-13	2013	3	34,2	20,1	7,8	10,6	-32,59527222	-68,59766111
Jocolí	abr-13	2013	4	31,2	16,9	2,4	2,6	-32,59527222	-68,59766111
Jocolí	may-13	2013	5	27,2	12,2	-2,9	1,4	-32,59527222	-68,59766111
Jocolí	jun-13	2013	6	24,5	8,7	-8	3,2	-32,59527222	-68,59766111
Jocolí	jul-13	2013	7	24,1	6,5	-8,2	0	-32,59527222	-68,59766111
Jocolí	ago-13	2013	8	29	8,8	-5,8	2,4	-32,59527222	-68,59766111
Jocolí	sep-13	2013	9	38,2	12	-6,3	2	-32,59527222	-68,59766111
Jocolí	oct-13	2013	10	36,6	19,5	1,6	0,2	-32,59527222	-68,59766111
Jocolí	nov-13	2013	11	40,1	22,5	1,4	13,6	-32,59527222	-68,59766111
Jocolí	dic-13	2013	12	38,9	26,7	11,2	32,4	-32,59527222	-68,59766111
Jocolí	ene-14	2014	1	41,5	26,4	8,1	29,6	-32,59527222	-68,59766111
Jocolí	feb-14	2014	2	36	21,9	8,5	112,2	-32,59527222	-68,59766111
Jocolí	mar-14	2014	3	31,4	19,1	4,1	27,4	-32,59527222	-68,59766111
Jocolí	abr-14	2014	4	26,4	17,2	3	3,8	-32,59527222	-68,59766111
Jocolí	may-14	2014	5	25,8	11	-2,4	4,4	-32,59527222	-68,59766111
Jocolí	jun-14	2014	6	23,1	7,3	-5,6	0,2	-32,59527222	-68,59766111
Jocolí	jul-14	2014	7	23,8	6,9	-12,7	1	-32,59527222	-68,59766111
Jocolí	ago-14	2014	8	33,3	11,6	-4,5	3,2	-32,59527222	-68,59766111
Jocolí	sep-14	2014	9	30,2	15,1	0,3	2,6	-32,59527222	-68,59766111
Jocolí	oct-14	2014	10	38	21	3,3	1,2	-32,59527222	-68,59766111
Jocolí	nov-14	2014	11	37,4	21,3	3,5	0,4	-32,59527222	-68,59766111
Jocolí	dic-14	2014	12	39,4	23,8	2,8	7	-32,59527222	-68,59766111
Jocolí	ene-15	2015	1	39,3	26,4	9,3	0,4	-32,59527222	-68,59766111
Jocolí	feb-15	2015	2	37,2	23,2	9,2	9	-32,59527222	-68,59766111
Jocolí	mar-15	2015	3	36,9	22,4	6,8	17,6	-32,59527222	-68,59766111
Jocolí	abr-15	2015	4	32,4	18,5	4,4	3,2	-32,59527222	-68,59766111
Jocolí	may-15	2015	5	26,7	12,6	-5,9	0,4	-32,59527222	-68,59766111
Jocolí	jun-15	2015	6	26,3	8	-5,4	0	-32,59527222	-68,59766111
Jocolí	jul-15	2015	7	27,6	7,2	-6,3	2,6	-32,59527222	-68,59766111
Jocolí	ago-15	2015	8	33,2	11,7	-2,1	16,8	-32,59527222	-68,59766111
Jocolí	sep-15	2015	9	29,4	13,6	-1	0	-32,59527222	-68,59766111
Jocolí	oct-15	2015	10	32,5	13,7	-1,3	7,8	-32,59527222	-68,59766111
Jocolí	nov-15	2015	11	34,1	19,3	1,9	24,2	-32,59527222	-68,59766111
Jocolí	dic-15	2015	12	39,7	24	7,7	29,4	-32,59527222	-68,59766111
Jocolí	ene-16	2016	1	37,9	24,6	8,4		-32,59527222	-68,59766111
Jocolí	feb-16	2016	2	39	24,8	12,1		-32,59527222	-68,59766111
Jocolí	mar-16	2016	3	34,7	20,4	7,6		-32,59527222	-68,59766111
Jocolí	abr-16	2016	4	30,7	13,7	-1,6		-32,59527222	-68,59766111
Jocolí	may-16	2016	5	20,6	11,2	0		-32,59527222	-68,59766111
Jocolí	jun-16	2016	6	18,6	6,3	-4,7		-32,59527222	-68,59766111
Jocolí	jul-16	2016	7	22,5	7	-4,4		-32,59527222	-68,59766111
Jocolí	ago-16	2016	8	30,1	12,2	-2,5		-32,59527222	-68,59766111
Jocolí	sep-16	2016	9	31,3	14,3	-3,5		-32,59527222	-68,59766111
Jocolí	oct-16	2016	10	32,7	17,5	1,7		-32,59527222	-68,59766111
Jocolí	nov-16	2016	11	39,2	20,9	2		-32,59527222	-68,59766111
Jocolí	dic-16	2016	12	40	23,6	5,8		-32,59527222	-68,59766111
Jocolí	ene-17	2017	1	39,4	26,9	13,2		-32,59527222	-68,59766111
Jocolí	feb-17	2017	2	41	25,1	12		-32,59527222	-68,59766111
Jocolí	mar-17	2017	3	35,1	21,2	3		-32,59527222	-68,59766111
Jocolí	abr-17	2017	4	28	15,8	1,7		-32,59527222	-68,59766111
Jocolí	may-17	2017	5	42,3	13,3	-3,1		-32,59527222	-68,59766111
Jocolí	jun-17	2017	6	42,9	7,3	-7,2		-32,59527222	-68,59766111
Jocolí	jul-17	2017	7	23	7,6	-10,4		-32,59527222	-68,59766111
Jocolí	ago-17	2017	8	25,9	10,4	-4,1		-32,59527222	-68,59766111
Jocolí	sep-17	2017	9	31,5	12,8	-2,9		-32,59527222	-68,59766111
Jocolí	oct-17	2017	10	37	17,6	-1,9		-32,59527222	-68,59766111
Jocolí	nov-17	2017	11	37,6	21,5	4,1		-32,59527222	-68,59766111
Jocolí	dic-17	2017	12	40,3	24,7	7,2		-32,59527222	-68,59766111
Jocolí	ene-18	2018	1	38,6	25,1	13,3	41	-32,59527222	-68,59766111
Jocolí	feb-18	2018	2	40,8	24,4	5,8	26,2	-32,59527222	-68,59766111
Jocolí	mar-18	2018	3	36,6	20,1	0,2	0,4	-32,59527222	-68,59766111
Jocolí	abr-18	2018	4	37,1	17,7	4	4	-32,59527222	-68,59766111
Jocolí	may-18	2018	5	24,1	12,4	0,3	1	-32,59527222	-68,59766111
Jocolí	jun-18	2018	6	20,8	5,9	-7,1	0	-32,59527222	-68,59766111
Jocolí	jul-18	2018	7	22,3	5,2	-8,3	1	-32,59527222	-68,59766111
Jocolí	ago-18	2018	8	28,5	9	-5,9	0	-32,59527222	-68,59766111
Jocolí	sep-18	2018	9	38,4	15,7	-4	5,2	-32,59527222	-68,59766111
Jocolí	oct-18	2018	10	33,4	17,5	0,9	15,2	-32,59527222	-68,59766111
Jocolí	nov-18	2018	11	40	21,4	4,3	11	-32,59527222	-68,59766111
Jocolí	dic-18	2018	12	38,8	22	7,4	15,2	-32,59527222	-68,59766111
Junín	ene-17	2017	1	40,3	19,9	0	17,8	-33,11583333	-68,48444444
Junín	feb-17	2017	2	39,6	15,6	0	51,8	-33,11583333	-68,48444444
Junín	mar-17	2017	3	33,9	4,1	0	11	-33,11583333	-68,48444444
Junín	abr-17	2017	4	27,7	13,8	0	69,6	-33,11583333	-68,48444444
Junín	may-17	2017	5	25,8	6,4	0	11	-33,11583333	-68,48444444
Junín	jun-17	2017	6	23,9	8,4	-6,3	5,4	-33,11583333	-68,48444444
Junín	jul-17	2017	7	24,6	8	-7,3	11,6	-33,11583333	-68,48444444
Junín	ago-17	2017	8	25,9	10,4	-2,5	2,4	-33,11583333	-68,48444444
Junín	sep-17	2017	9	31,1	12,8	-0,4	4,6	-33,11583333	-68,48444444
Junín	oct-17	2017	10	33	16,4	0,5	33,2	-33,11583333	-68,48444444
Junín	nov-17	2017	11	33,9	19,7	4,2	11,8	-33,11583333	-68,48444444
Junín	dic-17	2017	12	38,7	21,6	0	43,2	-33,11583333	-68,48444444
Junín	ene-16	2016	1	38,5	23,6	12,8	69,2	-33,11583333	-68,48444444
Junín	feb-16	2016	2	37,1	24,1	11,3	47,4	-33,11583333	-68,48444444
Junín	mar-16	2016	3	34,5	18,3	0	71	-33,11583333	-68,48444444
Junín	abr-16	2016	4	28,2	11,7	-2,2	69,6	-33,11583333	-68,48444444
Junín	may-16	2016	5	21,8	10,5	1,6	63,4	-33,11583333	-68,48444444
Junín	jun-16	2016	6	19,6	6,3	-3,2	28,6	-33,11583333	-68,48444444
Junín	jul-16	2016	7	21,5	6,7	-3,1	1,2	-33,11583333	-68,48444444
Junín	ago-16	2016	8	29,7	11,6	-1,9	0,2	-33,11583333	-68,48444444
Junín	sep-16	2016	9	30,7	13,4	-2,4	0,2	-33,11583333	-68,48444444
Junín	oct-16	2016	10	32,1	16,2	-0,1	14,4	-33,11583333	-68,48444444
Junín	nov-16	2016	11	191	18,8	0	56,8	-33,11583333	-68,48444444
Junín	dic-16	2016	12	40,2	9,1	0	21,2	-33,11583333	-68,48444444
Junín	ene-15	2015	1	38,9	25,2	6,8	14,6	-33,11583333	-68,48444444
Junín	feb-15	2015	2	35,8	21,7	8,5	91,2	-33,11583333	-68,48444444
Junín	mar-15	2015	3	35,6	21,2	0	50	-33,11583333	-68,48444444
Junín	abr-15	2015	4	31,5	17,3	4,7	28,4	-33,11583333	-68,48444444
Junín	may-15	2015	5	26	12,3	-2,3	0,8	-33,11583333	-68,48444444
Junín	jun-15	2015	6	25,9	8,3	-4,2	0	-33,11583333	-68,48444444
Junín	jul-15	2015	7	24,1	7,2	-4	2,2	-33,11583333	-68,48444444
Junín	ago-15	2015	8	32,1	10,9	-2,4	21,2	-33,11583333	-68,48444444
Junín	sep-15	2015	9	28,1	12,6	-1,5	0,2	-33,11583333	-68,48444444
Junín	oct-15	2015	10	31,8	13,1	1	32,4	-33,11583333	-68,48444444
Junín	nov-15	2015	11	32,5	18,1	3,3	51,2	-33,11583333	-68,48444444
Junín	dic-15	2015	12	38,4	22,7	8,2	53,2	-33,11583333	-68,48444444
Junín	ene-14	2014	1	40,5	25,5	7	4,4	-33,11583333	-68,48444444
Junín	feb-14	2014	2	35,8	21	6,9	187,2	-33,11583333	-68,48444444
Junín	mar-14	2014	3	30,3	18	3,1	6,4	-33,11583333	-68,48444444
Junín	abr-14	2014	4	26,6	14,5	-1,3	11,2	-33,11583333	-68,48444444
Junín	may-14	2014	5	25,4	11,1	-1	10,4	-33,11583333	-68,48444444
Junín	jun-14	2014	6	36	7,6	-2,4	1,8	-33,11583333	-68,48444444
Junín	jul-14	2014	7	21,6	7,2	-4,6	0,2	-33,11583333	-68,48444444
Junín	ago-14	2014	8	29,7	11	-4,4	4,4	-33,11583333	-68,48444444
Junín	sep-14	2014	9	29,6	14,6	0,9	0,8	-33,11583333	-68,48444444
Junín	oct-14	2014	10	34,3	19,5	1,9	8,6	-33,11583333	-68,48444444
Junín	nov-14	2014	11	36,4	20,2	-0,1	1,6	-33,11583333	-68,48444444
Junín	dic-14	2014	12	38,3	22,6	4,5	23,2	-33,11583333	-68,48444444
Junín	ene-13	2013	1	38,9	24,7	9,7	30	-33,11583333	-68,48444444
Junín	feb-13	2013	2	36,8	23,1	7,9	26	-33,11583333	-68,48444444
Junín	mar-13	2013	3	34,2	18,8	7,6	48,8	-33,11583333	-68,48444444
Junín	abr-13	2013	4	30,5	15,7	1,9	9,2	-33,11583333	-68,48444444
Junín	may-13	2013	5	26,3	11,4	-3	9,4	-33,11583333	-68,48444444
Junín	jun-13	2013	6	25,1	8,8	-5,1	0	-33,11583333	-68,48444444
Junín	jul-13	2013	7	24,4	6,7	-6,5	0	-33,11583333	-68,48444444
Junín	ago-13	2013	8	28,3	8,3	-4,3	0,2	-33,11583333	-68,48444444
Junín	sep-13	2013	9	34,6	11,4	-3,4	0,2	-33,11583333	-68,48444444
Junín	oct-13	2013	10	35,6	18,7	1,9	0	-33,11583333	-68,48444444
Junín	nov-13	2013	11	37	21,2	6,5	32,8	-33,11583333	-68,48444444
Junín	dic-13	2013	12	37,7	25,6	11,9	17,2	-33,11583333	-68,48444444
Junín	ene-12	2012	1	40,4	25,4	13,2	19,4	-33,11583333	-68,48444444
Junín	feb-12	2012	2	36,4	23,4	10,5	26	-33,11583333	-68,48444444
Junín	mar-12	2012	3	36,6	20,9	3,1	0	-33,11583333	-68,48444444
Junín	abr-12	2012	4	32,6	15,2	0,6	30	-33,11583333	-68,48444444
Junín	may-12	2012	5	26,8	11,9	1,4	0,4	-33,11583333	-68,48444444
Junín	jun-12	2012	6	24,7	7,2	-6,4	0	-33,11583333	-68,48444444
Junín	jul-12	2012	7	22	5,9	-6,4	0,8	-33,11583333	-68,48444444
Junín	ago-12	2012	8	25,1	9,5	-3	1,2	-33,11583333	-68,48444444
Junín	sep-12	2012	9	29,5	14,6	0,7	16,8	-33,11583333	-68,48444444
Junín	oct-12	2012	10	31,4	16,7	4	1,2	-33,11583333	-68,48444444
Junín	nov-12	2012	11	40,4	21,5	8,4	0	-33,11583333	-68,48444444
Junín	dic-12	2012	12	42,3	23,5	8,1	0	-33,11583333	-68,48444444
Junín	ene-11	2011	1	37,8	23,6	9,6	58,2	-33,11583333	-68,48444444
Junín	feb-11	2011	2	36,6	21,7	11,9	60,8	-33,11583333	-68,48444444
Junín	mar-11	2011	3	34,4	19,2	5,7	27,4	-33,11583333	-68,48444444
Junín	abr-11	2011	4	32,3	15,5	3	2	-33,11583333	-68,48444444
Junín	may-11	2011	5	25,1	10,4	-1,8	0,4	-33,11583333	-68,48444444
Junín	jun-11	2011	6	20,8	7,3	-5,1	1,2	-33,11583333	-68,48444444
Junín	jul-11	2011	7	27	5,7	-6,6	3,4	-33,11583333	-68,48444444
Junín	ago-11	2011	8	24,7	8,7	-5,5	4,4	-33,11583333	-68,48444444
Junín	sep-11	2011	9	32,9	14,5	-2,1	0	-33,11583333	-68,48444444
Junín	oct-11	2011	10	33,5	16,7	1,3	20	-33,11583333	-68,48444444
Junín	nov-11	2011	11	36,2	21	3,1	60,6	-33,11583333	-68,48444444
Junín	dic-11	2011	12	37	24,1	7,7	0,6	-33,11583333	-68,48444444
Junín	ene-10	2010	1	40,6	25,2	8,5	18	-33,11583333	-68,48444444
Junín	feb-10	2010	2	37,8	23,3	12,7	5,2	-33,11583333	-68,48444444
Junín	mar-10	2010	3	35,8	21,9	9,8	27,2	-33,11583333	-68,48444444
Junín	abr-10	2010	4	27,5	14,1	1,8	1,2	-33,11583333	-68,48444444
Junín	may-10	2010	5	26,9	10,2	-0,8	20,6	-33,11583333	-68,48444444
Junín	jun-10	2010	6	23	7,4	-2,3	1	-33,11583333	-68,48444444
Junín	jul-10	2010	7	22	5	-8	0	-33,11583333	-68,48444444
Junín	ago-10	2010	8	32	8,5	-4,8	1,4	-33,11583333	-68,48444444
Junín	sep-10	2010	9	27,9	13	1	4,4	-33,11583333	-68,48444444
Junín	oct-10	2010	10	31,3	17,1	-0,1	6,2	-33,11583333	-68,48444444
Junín	nov-10	2010	11	36,7	19,8	1	9,8	-33,11583333	-68,48444444
Junín	dic-10	2010	12	38,4	23	5,4	48,2	-33,11583333	-68,48444444
Junín	ene-09	2009	1	39,4	24,3	11,3	17,2	-33,11583333	-68,48444444
Junín	feb-09	2009	2	38,6	23,8	8	1,2	-33,11583333	-68,48444444
Junín	mar-09	2009	3	36	22	9,8	24,6	-33,11583333	-68,48444444
Junín	abr-09	2009	4	33,2	18	5,2	0	-33,11583333	-68,48444444
Junín	may-09	2009	5	28,5	11,7	-0,2	2,6	-33,11583333	-68,48444444
Junín	jun-09	2009	6	23,4	7,5	-3	0	-33,11583333	-68,48444444
Junín	jul-09	2009	7	23,1	6,2	-5,5	3	-33,11583333	-68,48444444
Junín	ago-09	2009	8	31,1	11,5	-1,8	0,8	-33,11583333	-68,48444444
Junín	sep-09	2009	9	26,2	11,2	-3,3	4,4	-33,11583333	-68,48444444
Junín	oct-09	2009	10	40	17,5	2,5	0	-33,11583333	-68,48444444
Junín	nov-09	2009	11	37,1	21,2	4,1	0	-33,11583333	-68,48444444
Junín	dic-09	2009	12	36,5	22,9	9,9	46,2	-33,11583333	-68,48444444
Junín	ene-08	2008	1	39,9	23,7	10,8	82,8	-33,11583333	-68,48444444
Junín	feb-08	2008	2	35,3	22,1	9,6	10,4	-33,11583333	-68,48444444
Junín	mar-08	2008	3	32,8	19,9	10,3	35,2	-33,11583333	-68,48444444
Junín	abr-08	2008	4	30,4	14,9	-2,3	11,2	-33,11583333	-68,48444444
Junín	may-08	2008	5	27	10,7	-3,4	0,2	-33,11583333	-68,48444444
Junín	jun-08	2008	6	22,3	6,3	-5,1	2,8	-33,11583333	-68,48444444
Junín	jul-08	2008	7	23,9	8,5	-2,8	0	-33,11583333	-68,48444444
Junín	ago-08	2008	8	32,3	9,3	-1,8	6,4	-33,11583333	-68,48444444
Junín	sep-08	2008	9	32,6	13	-1,5	8,8	-33,11583333	-68,48444444
Junín	oct-08	2008	10	32,7	17,5	3,8	1	-33,11583333	-68,48444444
Junín	nov-08	2008	11	38,5	22,5	5,1	26,2	-33,11583333	-68,48444444
Junín	dic-08	2008	12	37,3	23,3	10	18,2	-33,11583333	-68,48444444
Junín	ene-07	2007	1	36,2	23,9	11,7	20,4	-33,11583333	-68,48444444
Junín	feb-07	2007	2	39,3	22,3	5	2,8	-33,11583333	-68,48444444
Junín	mar-07	2007	3	33,6	19,4	8,2	42,2	-33,11583333	-68,48444444
Junín	abr-07	2007	4	29,8	14,4	3,4	0,4	-33,11583333	-68,48444444
Junín	may-07	2007	5	20,8	8,6	-5	0,8	-33,11583333	-68,48444444
Junín	jun-07	2007	6	22,5	6,4	-4,1	12	-33,11583333	-68,48444444
Junín	jul-07	2007	7	24,1	5,3	-7,8	0,6	-33,11583333	-68,48444444
Junín	ago-07	2007	8	22,9	5,3	-5,8	26	-33,11583333	-68,48444444
Junín	sep-07	2007	9	33,5	13,5	-1,4	0	-33,11583333	-68,48444444
Junín	oct-07	2007	10	35,7	18,1	5,4	11,6	-33,11583333	-68,48444444
Junín	nov-07	2007	11	36,3	19,8	2,9	7	-33,11583333	-68,48444444
Junín	dic-07	2007	12	39,3	22,7	7,8	9,8	-33,11583333	-68,48444444
Junín	ene-06	2006	1	40,1	25,7	13,1	3,4	-33,11583333	-68,48444444
Junín	feb-06	2006	2	37,4	22,7	7	16,4	-33,11583333	-68,48444444
Junín	mar-06	2006	3	33,4	19,3	5,8	21	-33,11583333	-68,48444444
Junín	abr-06	2006	4	29,3	15,6	1,3	8	-33,11583333	-68,48444444
Junín	may-06	2006	5	23	10	-0,7	0,8	-33,11583333	-68,48444444
Junín	jun-06	2006	6	25,2	9,1	-1,1	5,2	-33,11583333	-68,48444444
Junín	jul-06	2006	7	24,8	8,9	-4,7	0,2	-33,11583333	-68,48444444
Junín	ago-06	2006	8	28,4	9,9	-4,1	0	-33,11583333	-68,48444444
Junín	sep-06	2006	9	30,1	13,4	-3,9	2,8	-33,11583333	-68,48444444
Junín	oct-06	2006	10	35,3	18,5	0,2	0,2	-33,11583333	-68,48444444
Junín	nov-06	2006	11	36,8	20,3	5,7	13,6	-33,11583333	-68,48444444
Junín	dic-06	2006	12	39,4	26,1	12,3	3	-33,11583333	-68,48444444
Junín	ene-05	2005	1	36,6	23,6	8,3	23,8	-33,11583333	-68,48444444
Junín	feb-05	2005	2	36,6	22,7	6,7	102,2	-33,11583333	-68,48444444
Junín	mar-05	2005	3	34,1	18,4	6,4	54,6	-33,11583333	-68,48444444
Junín	abr-05	2005	4	27,3	13	0,4	18,6	-33,11583333	-68,48444444
Junín	may-05	2005	5	25,2	9,9	-1,7	3,6	-33,11583333	-68,48444444
Junín	jun-05	2005	6	21,3	7,9	-3,1	1	-33,11583333	-68,48444444
Junín	jul-05	2005	7	27,1	8	-2,6	5	-33,11583333	-68,48444444
Junín	ago-05	2005	8	23,1	9,2	-3,9	9,6	-33,11583333	-68,48444444
Junín	sep-05	2005	9	27,6	11	-1,3	5,8	-33,11583333	-68,48444444
Junín	oct-05	2005	10	35,4	16,3	1,5	1	-33,11583333	-68,48444444
Junín	nov-05	2005	11	38	23,2	9,9	0	-33,11583333	-68,48444444
Junín	dic-05	2005	12	36,7	24	0	7,4	-33,11583333	-68,48444444
Junín	ene-04	2004	1	39,3	25,8	14,7	37,2	-33,11583333	-68,48444444
Junín	feb-04	2004	2	36,5	22,2	8,9	7,4	-33,11583333	-68,48444444
Junín	mar-04	2004	3	35,6	20,8	8,2	38,4	-33,11583333	-68,48444444
Junín	abr-04	2004	4	31,3	15,2	1,4	9,8	-33,11583333	-68,48444444
Junín	may-04	2004	5	23,2	8,3	-1,2	102,4	-33,11583333	-68,48444444
Junín	jun-04	2004	6	20,1	7,6	-1,9	3,2	-33,11583333	-68,48444444
Junín	jul-04	2004	7	20,1	6,4	-3,7	2,4	-33,11583333	-68,48444444
Junín	ago-04	2004	8	31,2	9,6	-3,3	11,8	-33,11583333	-68,48444444
Junín	sep-04	2004	9	31,1	13,7	-1,8	0,8	-33,11583333	-68,48444444
Junín	oct-04	2004	10	33	17	2,1	24	-33,11583333	-68,48444444
Junín	nov-04	2004	11	36,4	19,2	2,4	15,6	-33,11583333	-68,48444444
Junín	dic-04	2004	12	36,4	23,2	9,6	4,4	-33,11583333	-68,48444444
Junín	ene-03	2003	1	40,1	25,7	10,7	12,4	-33,11583333	-68,48444444
Junín	mar-03	2003	3	35,6	21,1	0	5,4	-33,11583333	-68,48444444
Junín	abr-03	2003	4	27,7	15	4,1	16,2	-33,11583333	-68,48444444
Junín	may-03	2003	5	24	11,7	0	0,4	-33,11583333	-68,48444444
Junín	jun-03	2003	6	22,8	9,1	-2,8	0,2	-33,11583333	-68,48444444
Junín	jul-03	2003	7	22	6	-5	0,2	-33,11583333	-68,48444444
Junín	ago-03	2003	8	24,9	8,2	-3	1,4	-33,11583333	-68,48444444
Junín	sep-03	2003	9	34,1	13,9	-2,3	0,4	-33,11583333	-68,48444444
Junín	oct-03	2003	10	35,8	19,2	2,1	0	-33,11583333	-68,48444444
Junín	nov-03	2003	11	37,1	22,7	7,6	0,6	-33,11583333	-68,48444444
Junín	dic-03	2003	12	39,5	23	3,9	7	-33,11583333	-68,48444444
Junín	ene-02	2002	1	37	25,7	12,7	1,8	-33,11583333	-68,48444444
Junín	feb-02	2002	2	37,2	23,8	9,1	2,2	-33,11583333	-68,48444444
Junín	mar-02	2002	3	36,4	20	6	2,8	-33,11583333	-68,48444444
Junín	abr-02	2002	4	33,9	14,5	1,7	23,6	-33,11583333	-68,48444444
Junín	may-02	2002	5	26,2	11,6	-1,8	1,8	-33,11583333	-68,48444444
Junín	jun-02	2002	6	21	5,5	-5,9	0,4	-33,11583333	-68,48444444
Junín	jul-02	2002	7	23,9	7,3	-3,6	1	-33,11583333	-68,48444444
Junín	ago-02	2002	8	28,9	10	-2,9	22,4	-33,11583333	-68,48444444
Junín	sep-02	2002	9	31,6	13,3	-0,3	4	-33,11583333	-68,48444444
Junín	oct-02	2002	10	35,4	18,7	4	1,4	-33,11583333	-68,48444444
Junín	nov-02	2002	11	36,9	21,2	5,2	0,8	-33,11583333	-68,48444444
Junín	dic-02	2002	12	36,4	23,4	11,4	6,8	-33,11583333	-68,48444444
Junín	ene-01	2001	1	38,6	24,1	8,5	124	-33,11583333	-68,48444444
Junín	feb-01	2001	2	40,1	24,8	11,6	18,8	-33,11583333	-68,48444444
Junín	mar-01	2001	3	36,5	19,9	6,2	56,4	-33,11583333	-68,48444444
Junín	abr-01	2001	4	27,5	13,6	-0,1	50,6	-33,11583333	-68,48444444
Junín	may-01	2001	5	23,7	10	-2,6	21,8	-33,11583333	-68,48444444
Junín	jun-01	2001	6	21,2	7,6	-5,6	4,4	-33,11583333	-68,48444444
Junín	jul-01	2001	7	27,1	7	-5	8,6	-33,11583333	-68,48444444
Junín	ago-01	2001	8	27,6	10,6	-2,1	0	-33,11583333	-68,48444444
Junín	sep-01	2001	9	24,9	10,6	0,7	5,8	-33,11583333	-68,48444444
Junín	oct-01	2001	10	32,6	19,1	4,7	6,2	-33,11583333	-68,48444444
Junín	nov-01	2001	11	36,5	21,1	6,5	1,4	-33,11583333	-68,48444444
Junín	dic-01	2001	12	38,8	26,1	4,8	3	-33,11583333	-68,48444444
Junín	ene-00	2000	1	37,2	23,6	12,7	11,2	-33,11583333	-68,48444444
Junín	feb-00	2000	2	36	21,8	10,8	22	-33,11583333	-68,48444444
Junín	mar-00	2000	3	31,1	17,9	2	233,8	-33,11583333	-68,48444444
Junín	abr-00	2000	4	23,8	14,2	6	18,8	-33,11583333	-68,48444444
Junín	may-00	2000	5	20,9	9,2	-1,9	20	-33,11583333	-68,48444444
Junín	jun-00	2000	6	28,6	7,3	-1,6	16,2	-33,11583333	-68,48444444
Junín	jul-00	2000	7	19,8	5,1	-5,5	14,2	-33,11583333	-68,48444444
Junín	ago-00	2000	8	24,4	9,1	-2,9	0	-33,11583333	-68,48444444
Junín	sep-00	2000	9	30,1	12,2	-0,1	2	-33,11583333	-68,48444444
Junín	oct-00	2000	10	34,8	17,2	5,1	0	-33,11583333	-68,48444444
Junín	nov-00	2000	11	35,4	19,3	3,1	22,4	-33,11583333	-68,48444444
Junín	dic-00	2000	12	37	23,1	7,6	4	-33,11583333	-68,48444444
Junín	ene-99	1999	1	36,8	23	11,1	7	-33,11583333	-68,48444444
Junín	feb-99	1999	2	38,5	24,2	9,8	0	-33,11583333	-68,48444444
Junín	mar-99	1999	3	34	18,7	7,8	15,6	-33,11583333	-68,48444444
Junín	abr-99	1999	4	25,9	12,9	-1,7	65	-33,11583333	-68,48444444
Junín	may-99	1999	5	25,4	11,1	1,1	2,6	-33,11583333	-68,48444444
Junín	jun-99	1999	6	19,4	6,9	-3,1	4,6	-33,11583333	-68,48444444
Junín	jul-99	1999	7	25,8	5,8	-3,9	13,8	-33,11583333	-68,48444444
Junín	ago-99	1999	8	29	9,2	-7,3	12,6	-33,11583333	-68,48444444
Junín	sep-99	1999	9	33,1	14,3	-1	5,4	-33,11583333	-68,48444444
Junín	oct-99	1999	10	36,2	16,7	-0,2	104,2	-33,11583333	-68,48444444
Junín	nov-99	1999	11	35,3	18,8	3,9	11,2	-33,11583333	-68,48444444
Junín	dic-99	1999	12	38,2	21,4	4,2	38,6	-33,11583333	-68,48444444
Junín	ene-98	1998	1	35,9	23,2	13,6	0	-33,11583333	-68,48444444
Junín	mar-98	1998	3	29,1	18,1	7,9	62	-33,11583333	-68,48444444
Junín	abr-98	1998	4	29,3	14,2	3,4	26,2	-33,11583333	-68,48444444
Junín	may-98	1998	5	23,7	11,9	1,7	5,8	-33,11583333	-68,48444444
Junín	jun-98	1998	6	19,9	8,4	-0,3	3,6	-33,11583333	-68,48444444
Junín	jul-98	1998	7	21,2	9	0	4,4	-33,11583333	-68,48444444
Junín	ago-98	1998	8	24	10	-2,9	0,4	-33,11583333	-68,48444444
Junín	sep-98	1998	9	28,2	11,2	-1,2	31,4	-33,11583333	-68,48444444
Junín	oct-98	1998	10	33,4	18,9	2	7,4	-33,11583333	-68,48444444
Junín	nov-98	1998	11	35,9	20,5	4,5	38	-33,11583333	-68,48444444
Junín	dic-98	1998	12	37,9	23,4	8,1	4,2	-33,11583333	-68,48444444
Junín	dic-97	1997	12	36,1	23,3	11,7	82,6	-33,11583333	-68,48444444
Junín	ene-18	2018	1	36	22,4	12,5	123	-33,11583333	-68,48444444
Junín	feb-18	2018	2	35	21,5	0	15,4	-33,11583333	-68,48444444
Junín	mar-18	2018	3	112	17,9	0	0,4	-33,11583333	-68,48444444
Junín	abr-18	2018	4	32,6	17	3,4	0	-33,11583333	-68,48444444
Junín	may-18	2018	5	24	11,7	0,8	22,6	-33,11583333	-68,48444444
Junín	jun-18	2018	6	22,8	5,9	-6,1	11	-33,11583333	-68,48444444
Junín	jul-18	2018	7	23,6	5,2	-6,3	3,2	-33,11583333	-68,48444444
Junín	ago-18	2018	8	28,3	9,3	-6,1	0	-33,11583333	-68,48444444
Junín	sep-18	2018	9	36,7	15,1	-2,7	67,2	-33,11583333	-68,48444444
Junín	oct-18	2018	10	32,5	17,2	1,3	4,2	-33,11583333	-68,48444444
Junín	nov-18	2018	11	34,5	20,1	4,3	19,2	-33,11583333	-68,48444444
Junín	dic-18	2018	12	34,6	21	7	27,8	-33,11583333	-68,48444444
Las violetas	nov-06	2006	11	37,9	21,2	5,2	27	-32,812975	-68,60043056
Las violetas	dic-06	2006	12	40	24,8	12	38,6	-32,812975	-68,60043056
Las violetas	ene-07	2007	1	36,3	25	14,5	38,4	-32,812975	-68,60043056
Las violetas	feb-07	2007	2	39,5	23,4	7,5	31	-32,812975	-68,60043056
Las violetas	mar-07	2007	3	34,6	19,9	10,5	58,2	-32,812975	-68,60043056
Las violetas	abr-07	2007	4	30,4	18,4	7,2	0	-32,812975	-68,60043056
Las violetas	may-07	2007	5	21,1	7,9	-4,4	0,8	-32,812975	-68,60043056
Las violetas	jun-07	2007	6	22,8	6,3	-5,2	6,8	-32,812975	-68,60043056
Las violetas	jul-07	2007	7	25,5	5,4	-8,4	0,8	-32,812975	-68,60043056
Las violetas	ago-07	2007	8	23,4	5,7	-7,8	5	-32,812975	-68,60043056
Las violetas	sep-07	2007	9	34,6	14,3	-1,4	4,6	-32,812975	-68,60043056
Las violetas	oct-07	2007	10	35,8	19,3	5,8	6,2	-32,812975	-68,60043056
Las violetas	nov-07	2007	11	37,2	21,4	5,9	12,8	-32,812975	-68,60043056
Las violetas	dic-07	2007	12	40,8	24,2	8,8	1,4	-32,812975	-68,60043056
Las violetas	ene-08	2008	1	40,7	25	14	15,6	-32,812975	-68,60043056
Las violetas	feb-08	2008	2	36,3	24,5	14,2	16,6	-32,812975	-68,60043056
Las violetas	mar-08	2008	3	33,3	30,9	28,1	0	-32,812975	-68,60043056
Las violetas	abr-08	2008	4	32,6	16,4	-1,7	0,2	-32,812975	-68,60043056
Las violetas	may-08	2008	5	27,5	11,5	-3,6	10,4	-32,812975	-68,60043056
Las violetas	jun-08	2008	6	22,8	6,4	-5,2	2,6	-32,812975	-68,60043056
Las violetas	jul-08	2008	7	26,1	8,5	-3	0,2	-32,812975	-68,60043056
Las violetas	ago-08	2008	8	33,6	9,7	-3,3	6,8	-32,812975	-68,60043056
Las violetas	sep-08	2008	9	34,5	13,4	-2,8	7,2	-32,812975	-68,60043056
Las violetas	oct-08	2008	10	33,5	18,7	2,6	0,2	-32,812975	-68,60043056
Las violetas	nov-08	2008	11	41,1	24,4	12,3	11,4	-32,812975	-68,60043056
Las violetas	dic-08	2008	12	38	24,5	11,1	16,4	-32,812975	-68,60043056
Las violetas	ene-09	2009	1	40,2	24,5	12,8	21,4	-32,812975	-68,60043056
Las violetas	feb-09	2009	2	38,7	24,5	8,8	1,8	-32,812975	-68,60043056
Las violetas	mar-09	2009	3	37,4	22,7	9,2	44	-32,812975	-68,60043056
Las violetas	abr-09	2009	4	33,4	19,4	4,9	0	-32,812975	-68,60043056
Las violetas	may-09	2009	5	28,2	11,7	-0,1	1,8	-32,812975	-68,60043056
Las violetas	jun-09	2009	6	28	7,7	-5,1	0	-32,812975	-68,60043056
Las violetas	jul-09	2009	7	22,2	5,8	-7,2	0,6	-32,812975	-68,60043056
Las violetas	ago-09	2009	8	33,1	9,5	-2,4	2,6	-32,812975	-68,60043056
Las violetas	sep-09	2009	9	27	12,6	-2,1	2,6	-32,812975	-68,60043056
Las violetas	oct-09	2009	10	36,5	16,8	0,8	0,6	-32,812975	-68,60043056
Las violetas	nov-09	2009	11	38	21,9	3,5	0	-32,812975	-68,60043056
Las violetas	dic-09	2009	12	35,6	22,4	11,8	12,8	-32,812975	-68,60043056
Las violetas	ene-10	2010	1	42,8	26,6	12	41,4	-32,812975	-68,60043056
Las violetas	feb-10	2010	2	39,7	24,7	13,7	20,8	-32,812975	-68,60043056
Las violetas	mar-10	2010	3	38	23,6	11,2	2,8	-32,812975	-68,60043056
Las violetas	abr-10	2010	4	28,4	15,4	3,2	1,6	-32,812975	-68,60043056
Las violetas	may-10	2010	5	27	10,8	-1,8	26,6	-32,812975	-68,60043056
Las violetas	jun-10	2010	6	27,8	7,7	-4	0,8	-32,812975	-68,60043056
Las violetas	jul-10	2010	7	24,8	5,4	-8	2,4	-32,812975	-68,60043056
Las violetas	ago-10	2010	8	32,5	8,7	-6	3,4	-32,812975	-68,60043056
Las violetas	sep-10	2010	9	27,5	13,5	-1,4	5	-32,812975	-68,60043056
Las violetas	oct-10	2010	10	32,8	17,7	0	14	-32,812975	-68,60043056
Las violetas	nov-10	2010	11	40,8	21,2	0	12,6	-32,812975	-68,60043056
Las violetas	dic-10	2010	12	38,5	24,3	7,1	17,8	-32,812975	-68,60043056
Las violetas	ene-11	2011	1	38,2	24,9	11,3	46,8	-32,812975	-68,60043056
Las violetas	feb-11	2011	2	37,6	23,3	12,1	12	-32,812975	-68,60043056
Las violetas	mar-11	2011	3	34,9	20,6	4,4	5,4	-32,812975	-68,60043056
Las violetas	abr-11	2011	4	34,9	17,1	3,1	0,2	-32,812975	-68,60043056
Las violetas	may-11	2011	5	24,4	11,1	-1,8	1	-32,812975	-68,60043056
Las violetas	jun-11	2011	6	21,1	6,8	-7,8	1	-32,812975	-68,60043056
Las violetas	jul-11	2011	7	27,9	5,9	-7,2	1,2	-32,812975	-68,60043056
Las violetas	ago-11	2011	8	33,7	8,7	-5	4	-32,812975	-68,60043056
Las violetas	sep-11	2011	9	33,6	14,7	-0,8	1,8	-32,812975	-68,60043056
Las violetas	oct-11	2011	10	34,1	17,2	0,9	12,6	-32,812975	-68,60043056
Las violetas	nov-11	2011	11	36,6	22,5	5	64,8	-32,812975	-68,60043056
Las violetas	dic-11	2011	12	37,4	25	10,2	1,4	-32,812975	-68,60043056
Las violetas	ene-12	2012	1	41,7	26,6	15,1	23,8	-32,812975	-68,60043056
Las violetas	feb-12	2012	2	37,8	24,7	12,6	20,6	-32,812975	-68,60043056
Las violetas	mar-12	2012	3	51	22,2	0	1	-32,812975	-68,60043056
Las violetas	abr-12	2012	4	33	16,3	-1,4	19,4	-32,812975	-68,60043056
Las violetas	may-12	2012	5	26,6	12,1	-1	0,4	-32,812975	-68,60043056
Las violetas	jun-12	2012	6	28,8	7,4	-6,2	0,2	-32,812975	-68,60043056
Las violetas	jul-12	2012	7	20,2	5,6	-7	0,6	-32,812975	-68,60043056
Las violetas	ago-12	2012	8	24,4	9,6	-5,2	0,2	-32,812975	-68,60043056
Las violetas	sep-12	2012	9	29,6	14,9	-1	11,8	-32,812975	-68,60043056
Las violetas	oct-12	2012	10	33	17,2	0	14	-32,812975	-68,60043056
Las violetas	nov-12	2012	11	42,1	22,4	0	0,6	-32,812975	-68,60043056
Las violetas	dic-12	2012	12	44,5	24,2	0	0	-32,812975	-68,60043056
Las violetas	ene-13	2013	1	39,7	26,2	0	37,2	-32,812975	-68,60043056
Las violetas	feb-13	2013	2	39	24,5	10,2	12,8	-32,812975	-68,60043056
Las violetas	mar-13	2013	3	55	20	7,2	18,6	-32,812975	-68,60043056
Las violetas	abr-13	2013	4	31,6	17,2	0	0	-32,812975	-68,60043056
Las violetas	may-13	2013	5	26,6	11,3	-3,6	2,6	-32,812975	-68,60043056
Las violetas	jun-13	2013	6	25,8	8,9	-5,6	6,6	-32,812975	-68,60043056
Las violetas	jul-13	2013	7	24,3	6,4	-6,9	0,2	-32,812975	-68,60043056
Las violetas	ago-13	2013	8	28,3	8,3	-5,2	2,4	-32,812975	-68,60043056
Las violetas	sep-13	2013	9	35,6	12	-5,3	2,8	-32,812975	-68,60043056
Las violetas	oct-13	2013	10	35,8	19,2	1,4	4,2	-32,812975	-68,60043056
Las violetas	nov-13	2013	11	39,1	21,9	7,4	25	-32,812975	-68,60043056
Las violetas	dic-13	2013	12	38,1	26,5	10,4	8,6	-32,812975	-68,60043056
Las violetas	ene-14	2014	1	42,9	26,5	6,6	2,8	-32,812975	-68,60043056
Las violetas	feb-14	2014	2	36	21,7	8,4	164,6	-32,812975	-68,60043056
Las violetas	mar-14	2014	3	31,3	19	4,1	23,2	-32,812975	-68,60043056
Las violetas	abr-14	2014	4	26,8	15,5	1,2	8	-32,812975	-68,60043056
Las violetas	may-14	2014	5	25,5	11,8	-2,5	6,6	-32,812975	-68,60043056
Las violetas	jun-14	2014	6	23,3	8	-4	0,2	-32,812975	-68,60043056
Las violetas	jul-14	2014	7	21,4	7,1	-7,7	0	-32,812975	-68,60043056
Las violetas	ago-14	2014	8	32,3	11,5	-4,7	4,6	-32,812975	-68,60043056
Las violetas	sep-14	2014	9	30,7	15,2	-1,1	8,8	-32,812975	-68,60043056
Las violetas	oct-14	2014	10	38,3	20,7	2,9	6,8	-32,812975	-68,60043056
Las violetas	nov-14	2014	11	38	21,3	3,6	5	-32,812975	-68,60043056
Las violetas	dic-14	2014	12	39,2	23,7	1,9	20,8	-32,812975	-68,60043056
Las violetas	ene-15	2015	1	39,5	25,9	9,1	2,8	-32,812975	-68,60043056
Las violetas	feb-15	2015	2	36,7	22,7	10,1	65,8	-32,812975	-68,60043056
Las violetas	mar-15	2015	3	36,2	21,7	7,9	79,2	-32,812975	-68,60043056
Las violetas	abr-15	2015	4	32,2	18,3	3,9	5,2	-32,812975	-68,60043056
Las violetas	may-15	2015	5	25,8	12,4	-2,6	0,2	-32,812975	-68,60043056
Las violetas	jun-15	2015	6	26,3	8	-4,6	0,4	-32,812975	-68,60043056
Las violetas	jul-15	2015	7	22,3	7,1	-5,2	0	-32,812975	-68,60043056
Las violetas	ago-15	2015	8	32,6	11,8	-2,7	16,4	-32,812975	-68,60043056
Las violetas	sep-15	2015	9	30,1	13,6	-1,1	0,8	-32,812975	-68,60043056
Las violetas	oct-15	2015	10	31,9	14,6	3,5	0,6	-32,812975	-68,60043056
Las violetas	nov-15	2015	11	33,2	19,3	5,3	12,4	-32,812975	-68,60043056
Las violetas	dic-15	2015	12	39,3	24,7	7,7	28,4	-32,812975	-68,60043056
Las violetas	ene-16	2016	1	39,2	24,9	15,4	29,4	-32,812975	-68,60043056
Las violetas	feb-16	2016	2	37,8	25,2	13,7	15	-32,812975	-68,60043056
Las violetas	mar-16	2016	3	34,8	20,7	8,5	38	-32,812975	-68,60043056
Las violetas	abr-16	2016	4	30,4	13,9	-0,4	104,8	-32,812975	-68,60043056
Las violetas	may-16	2016	5	20,2	11,3	0	29,8	-32,812975	-68,60043056
Las violetas	jun-16	2016	6	17,9	6,8	-3,9	7	-32,812975	-68,60043056
Las violetas	jul-16	2016	7	21,5	7,4	-3,4	0,2	-32,812975	-68,60043056
Las violetas	ago-16	2016	8	29,6	12,2	-1,4	0	-32,812975	-68,60043056
Las violetas	sep-16	2016	9	30,4	13,9	-3	0	-32,812975	-68,60043056
Las violetas	oct-16	2016	10	32,2	17,2	2,6	12,4	-32,812975	-68,60043056
Las violetas	nov-16	2016	11	38,6	21,1	3,3	23,2	-32,812975	-68,60043056
Las violetas	dic-16	2016	12	40,5	24	7,5	19,6	-32,812975	-68,60043056
Las violetas	ene-17	2017	1	41,9	27	13,1	7,2	-32,812975	-68,60043056
Las violetas	feb-17	2017	2	41,5	25,2	10,6	32,2	-32,812975	-68,60043056
Las violetas	mar-17	2017	3	33,1	20,8	8,3	11,6	-32,812975	-68,60043056
Las violetas	abr-17	2017	4	28,8	15,8	1,7	56,8	-32,812975	-68,60043056
Las violetas	may-17	2017	5	26	12,2	-1,6	0,6	-32,812975	-68,60043056
Las violetas	jun-17	2017	6	25,1	7,7	-7,1	0,6	-32,812975	-68,60043056
Las violetas	jul-17	2017	7	23,6	7,8	-7,6	7,4	-32,812975	-68,60043056
Las violetas	ago-17	2017	8	26,5	10,5	-4,2	3,2	-32,812975	-68,60043056
Las violetas	sep-17	2017	9	31,3	13,2	-1,6	0,2	-32,812975	-68,60043056
Las violetas	oct-17	2017	10	36	18,1	-0,5	7	-32,812975	-68,60043056
Las violetas	nov-17	2017	11	38,2	21,8	5,9	11,2	-32,812975	-68,60043056
Las violetas	dic-17	2017	12	40,7	24,4	8,2	39	-32,812975	-68,60043056
Las violetas	ene-18	2018	1	35,6	24,7	13,9	20,6	-32,812975	-68,60043056
Las violetas	feb-18	2018	2	41,1	24,1	6,1	34	-32,812975	-68,60043056
Las violetas	mar-18	2018	3	36,1	20,2	2	0	-32,812975	-68,60043056
Las violetas	abr-18	2018	4	33,7	18,1	4,1	1,6	-32,812975	-68,60043056
Las violetas	may-18	2018	5	24,1	12,4	-0,1	9	-32,812975	-68,60043056
Las violetas	jun-18	2018	6	20,6	6,5	-6,6	0	-32,812975	-68,60043056
Las violetas	jul-18	2018	7	21,4	5,7	-6,9	0,6	-32,812975	-68,60043056
Las violetas	ago-18	2018	8	27,7	8,5	-5,1	0	-32,812975	-68,60043056
Las violetas	sep-18	2018	9	36,5	15,7	-2,6	0	-32,812975	-68,60043056
Las violetas	oct-18	2018	10	33,2	17	-0,7	0,4	-32,812975	-68,60043056
Las violetas	nov-18	2018	11	40,5	22,1	6,9	15,8	-32,812975	-68,60043056
Las violetas	dic-18	2018	12	38,5	21,7	7	18,4	-32,812975	-68,60043056
Montecaseros	feb-07	2007	2	38,6	22,6	4,6	28,2	-33,03906006	-68,45556589
Montecaseros	mar-07	2007	3	34,1	18,9	7,6	68,6	-33,03906006	-68,45556589
Montecaseros	abr-07	2007	4	30,4	14,8	2,6	6,2	-33,03906006	-68,45556589
Montecaseros	may-07	2007	5	21,1	8,8	-6,5	1,2	-33,03906006	-68,45556589
Montecaseros	jun-07	2007	6	22,8	6,4	-4,9	8,6	-33,03906006	-68,45556589
Montecaseros	jul-07	2007	7	24,7	5,5	-9,6	12,2	-33,03906006	-68,45556589
Montecaseros	ago-07	2007	8	23,3	5,5	-8,3	45	-33,03906006	-68,45556589
Montecaseros	sep-07	2007	9	34,1	13,8	-2,8	2,6	-33,03906006	-68,45556589
Montecaseros	oct-07	2007	10	36,1	18,6	4,6	23,8	-33,03906006	-68,45556589
Montecaseros	nov-07	2007	11	35,7	20,2	3,2	15,4	-33,03906006	-68,45556589
Montecaseros	dic-07	2007	12	39	22,9	7	13,4	-33,03906006	-68,45556589
Montecaseros	ene-08	2008	1	39,1	24	10,5	44,4	-33,03906006	-68,45556589
Montecaseros	feb-08	2008	2	35,9	22,4	9,9	49	-33,03906006	-68,45556589
Montecaseros	mar-08	2008	3	32,9	20,2	9,4	57	-33,03906006	-68,45556589
Montecaseros	abr-08	2008	4	31,1	15,3	-1	23,2	-33,03906006	-68,45556589
Montecaseros	may-08	2008	5	27,1	10,9	-4,1	23,8	-33,03906006	-68,45556589
Montecaseros	jun-08	2008	6	22,7	6,4	-5,4	8	-33,03906006	-68,45556589
Montecaseros	jul-08	2008	7	24,4	8,6	-3	4,4	-33,03906006	-68,45556589
Montecaseros	ago-08	2008	8	32,8	9,9	-3,6	15	-33,03906006	-68,45556589
Montecaseros	sep-08	2008	9	32,5	13,4	-3,1	40,6	-33,03906006	-68,45556589
Montecaseros	oct-08	2008	10	32,3	17,8	3,5	20,2	-33,03906006	-68,45556589
Montecaseros	nov-08	2008	11	39,6	23,1	4,8	9,8	-33,03906006	-68,45556589
Montecaseros	dic-08	2008	12	36,8	24	13,4	24,4	-33,03906006	-68,45556589
Montecaseros	ene-09	2009	1	39,6	23,3	11	32,2	-33,03906006	-68,45556589
Montecaseros	feb-09	2009	2	38	23,1	6,7	24,8	-33,03906006	-68,45556589
Montecaseros	mar-09	2009	3	34,3	21,7	8,3	13,6	-33,03906006	-68,45556589
Montecaseros	abr-09	2009	4	32,4	17,7	4,5	1	-33,03906006	-68,45556589
Montecaseros	may-09	2009	5	28,4	11,4	-0,6	7	-33,03906006	-68,45556589
Montecaseros	jun-09	2009	6	26	7,5	-5,4	7,6	-33,03906006	-68,45556589
Montecaseros	jul-09	2009	7	22,6	6,2	-6,7	15,4	-33,03906006	-68,45556589
Montecaseros	ago-09	2009	8	31,2	11,7	-3,8	12,4	-33,03906006	-68,45556589
Montecaseros	sep-09	2009	9	26,9	11,4	-3,6	57,8	-33,03906006	-68,45556589
Montecaseros	oct-09	2009	10	38,9	18,1	1,1	42,8	-33,03906006	-68,45556589
Montecaseros	nov-09	2009	11	36,1	21,2	4,5	22,8	-33,03906006	-68,45556589
Montecaseros	dic-09	2009	12	35,5	22,6	9,9	58,6	-33,03906006	-68,45556589
Montecaseros	ene-10	2010	1	39,1	25,8	11	40,6	-33,03906006	-68,45556589
Montecaseros	feb-10	2010	2	36,7	23,3	12	14,2	-33,03906006	-68,45556589
Montecaseros	mar-10	2010	3	34,8	22,3	8,8	33,6	-33,03906006	-68,45556589
Montecaseros	abr-10	2010	4	27,8	14,2	0,5	4,8	-33,03906006	-68,45556589
Montecaseros	may-10	2010	5	27	10,1	-1,5	24,6	-33,03906006	-68,45556589
Montecaseros	jun-10	2010	6	26,2	7,9	-5,2	1,4	-33,03906006	-68,45556589
Montecaseros	jul-10	2010	7	23,1	5,1	-8,7	1	-33,03906006	-68,45556589
Montecaseros	ago-10	2010	8	32,1	8,5	-5,7	36,2	-33,03906006	-68,45556589
Montecaseros	sep-10	2010	9	27,8	13,4	0,5	6,8	-33,03906006	-68,45556589
Montecaseros	oct-10	2010	10	31,8	17,5	0,4	57,6	-33,03906006	-68,45556589
Montecaseros	nov-10	2010	11	37,5	20,4	0,5	30,8	-33,03906006	-68,45556589
Montecaseros	dic-10	2010	12	37,7	23	3,6	61,8	-33,03906006	-68,45556589
Montecaseros	ene-11	2011	1	37,2	23,6	9,7	40,6	-33,03906006	-68,45556589
Montecaseros	feb-11	2011	2	35,2	21,9	11,3	56,4	-33,03906006	-68,45556589
Montecaseros	mar-11	2011	3	33,4	19,7	4,3	35,2	-33,03906006	-68,45556589
Montecaseros	abr-11	2011	4	32,4	15,8	2,5	5,4	-33,03906006	-68,45556589
Montecaseros	may-11	2011	5	25,2	10,6	-3,1	1	-33,03906006	-68,45556589
Montecaseros	jun-11	2011	6	21,2	6,9	-8,9	3,2	-33,03906006	-68,45556589
Montecaseros	jul-11	2011	7	27,4	5,9	-8,2	5,4	-33,03906006	-68,45556589
Montecaseros	ago-11	2011	8	25,4	9	-6,5	3,8	-33,03906006	-68,45556589
Montecaseros	sep-11	2011	9	33,2	14,6	-2,6	1,8	-33,03906006	-68,45556589
Montecaseros	oct-11	2011	10	33,5	17,3	1	11,6	-33,03906006	-68,45556589
Montecaseros	nov-11	2011	11	36,1	21,4	4,8	49,2	-33,03906006	-68,45556589
Montecaseros	dic-11	2011	12	36,7	23,8	8,8	9,2	-33,03906006	-68,45556589
Montecaseros	ene-12	2012	1	39,4	25,5	13,3	45	-33,03906006	-68,45556589
Montecaseros	feb-12	2012	2	35,4	23,2	10	20,8	-33,03906006	-68,45556589
Montecaseros	mar-12	2012	3	35,4	21,2	2,6	0	-33,03906006	-68,45556589
Montecaseros	abr-12	2012	4	31,7	16,4	3,7	20	-33,03906006	-68,45556589
Montecaseros	may-12	2012	5	26,5	11,6	0,4	0,2	-33,03906006	-68,45556589
Montecaseros	jun-12	2012	6	25,2	7,2	-8,3	0,6	-33,03906006	-68,45556589
Montecaseros	jul-12	2012	7	21,9	5,9	-7,6	0,4	-33,03906006	-68,45556589
Montecaseros	ago-12	2012	8	24,9	9,5	-5,1	0,8	-33,03906006	-68,45556589
Montecaseros	sep-12	2012	9	29,5	14,5	-0,9	16,4	-33,03906006	-68,45556589
Montecaseros	oct-12	2012	10	31,1	17,4	4,2	11,6	-33,03906006	-68,45556589
Montecaseros	nov-12	2012	11	40	21,9	9,6	12,8	-33,03906006	-68,45556589
Montecaseros	dic-12	2012	12	41,3	23,9	8,5	3,4	-33,03906006	-68,45556589
Montecaseros	ene-13	2013	1	37,5	24,8	11	44	-33,03906006	-68,45556589
Montecaseros	feb-13	2013	2	37,3	23,7	9,3	7,4	-33,03906006	-68,45556589
Montecaseros	mar-13	2013	3	33,4	18,7	7,8	18,8	-33,03906006	-68,45556589
Montecaseros	abr-13	2013	4	30,4	16,1	2	6,8	-33,03906006	-68,45556589
Montecaseros	may-13	2013	5	26,3	11,5	-4,5	0,2	-33,03906006	-68,45556589
Montecaseros	jun-13	2013	6	24,9	8,8	-6,6	0	-33,03906006	-68,45556589
Montecaseros	jul-13	2013	7	25,1	6,8	-7,8	0	-33,03906006	-68,45556589
Montecaseros	ago-13	2013	8	28,3	9	-6,5	1,2	-33,03906006	-68,45556589
Montecaseros	sep-13	2013	9	35,4	11,1	-4,3	2,2	-33,03906006	-68,45556589
Montecaseros	oct-13	2013	10	35	18,8	1,4	2,4	-33,03906006	-68,45556589
Montecaseros	nov-13	2013	11	36,5	20,9	7	40,4	-33,03906006	-68,45556589
Montecaseros	dic-13	2013	12	36,7	25,6	11,7	37,8	-33,03906006	-68,45556589
Montecaseros	ene-14	2014	1	40,2	25,4	7,7	12	-33,03906006	-68,45556589
Montecaseros	feb-14	2014	2	34,2	20,8	6,8	111	-33,03906006	-68,45556589
Montecaseros	mar-14	2014	3	29,8	18,2	-2	2,4	-33,03906006	-68,45556589
Montecaseros	abr-14	2014	4	26,5	14,9	-6,8	1,4	-33,03906006	-68,45556589
Montecaseros	may-14	2014	5	24,8	11	-10	1	-33,03906006	-68,45556589
Montecaseros	jun-14	2014	6	21,6	7,6	-13,5	1,2	-33,03906006	-68,45556589
Montecaseros	jul-14	2014	7	21,5	7,8	-7,9	1,4	-33,03906006	-68,45556589
Montecaseros	ago-14	2014	8	29,6	10,9	-4,8	11,8	-33,03906006	-68,45556589
Montecaseros	sep-14	2014	9	28,7	14,8	-0,1	4,2	-33,03906006	-68,45556589
Montecaseros	oct-14	2014	10	33,4	19,7	2,3	25,4	-33,03906006	-68,45556589
Montecaseros	nov-14	2014	11	35,9	20,3	0,4	2,6	-33,03906006	-68,45556589
Montecaseros	dic-14	2014	12	36,7	22,5	4,6	27,2	-33,03906006	-68,45556589
Montecaseros	ene-15	2015	1	37,7	25,1	2,2	25,4	-33,03906006	-68,45556589
Montecaseros	feb-15	2015	2	35	21,9	0,9	55,6	-33,03906006	-68,45556589
Montecaseros	mar-15	2015	3	34,9	21,3	0,4	76,4	-33,03906006	-68,45556589
Montecaseros	abr-15	2015	4	32,3	17,7	-1,7	1,6	-33,03906006	-68,45556589
Montecaseros	may-15	2015	5	25,6	12,1	-9,6	0	-33,03906006	-68,45556589
Montecaseros	jun-15	2015	6	25,9	8	-11,4	0	-33,03906006	-68,45556589
Montecaseros	jul-15	2015	7	21,1	6,5	-6,5	2,2	-33,03906006	-68,45556589
Montecaseros	ago-15	2015	8	32,4	11,1	-2,9	19,6	-33,03906006	-68,45556589
Montecaseros	sep-15	2015	9	27,8	13,2	-0,1	23	-33,03906006	-68,45556589
Montecaseros	oct-15	2015	10	31,6	13,3	0,7	22,6	-33,03906006	-68,45556589
Montecaseros	nov-15	2015	11	32,3	18,4	3,6	54	-33,03906006	-68,45556589
Montecaseros	dic-15	2015	12	38,3	23,4	4,4	52	-33,03906006	-68,45556589
Montecaseros	ene-16	2016	1	37,5	23,9	4,4	37	-33,03906006	-68,45556589
Montecaseros	feb-16	2016	2	36,4	24,3	3,3	15,8	-33,03906006	-68,45556589
Montecaseros	mar-16	2016	3	34,5	19,8	7,2	5	-33,03906006	-68,45556589
Montecaseros	abr-16	2016	4	26,3	13,1	-1,1	7,6	-33,03906006	-68,45556589
Montecaseros	may-16	2016	5	54	10,2	1,2	13,2	-33,03906006	-68,45556589
Montecaseros	jun-16	2016	6	18,5	6	-4,6	23	-33,03906006	-68,45556589
Montecaseros	jul-16	2016	7	20,6	7,2	-10,3	0,2	-33,03906006	-68,45556589
Montecaseros	ago-16	2016	8	29,3	11,9	-2,2	0	-33,03906006	-68,45556589
Montecaseros	sep-16	2016	9	29,8	13,7	-3,9	0	-33,03906006	-68,45556589
Montecaseros	oct-16	2016	10	30,9	17,1	2,8	7,8	-33,03906006	-68,45556589
Montecaseros	nov-16	2016	11	21,3	18,5	15,2	0	-33,03906006	-68,45556589
Montecaseros	ene-17	2017	1	40,2	27,1	12,3	12,4	-33,03906006	-68,45556589
Montecaseros	feb-17	2017	2	38,4	23,9	10	50	-33,03906006	-68,45556589
Montecaseros	mar-17	2017	3	33,4	19,9	6,7	28,2	-33,03906006	-68,45556589
Montecaseros	abr-17	2017	4	27,1	15,2	2,2	74,8	-33,03906006	-68,45556589
Montecaseros	may-17	2017	5	25,1	14,6	4,2	1	-33,03906006	-68,45556589
Montecaseros	jun-17	2017	6	23,1	7,2	-7,5	0,4	-33,03906006	-68,45556589
Montecaseros	jul-17	2017	7	23,3	7,9	-11,5	8,6	-33,03906006	-68,45556589
Montecaseros	ago-17	2017	8	24,9	10,6	-2,8	0	-33,03906006	-68,45556589
Montecaseros	sep-17	2017	9	30,7	13,8	-1,8	0	-33,03906006	-68,45556589
Montecaseros	oct-17	2017	10	32,2	17	-0,8	3	-33,03906006	-68,45556589
Montecaseros	nov-17	2017	11	36,6	20,9	3,7	7	-33,03906006	-68,45556589
Montecaseros	dic-17	2017	12	38,5	23,8	5,2	54,8	-33,03906006	-68,45556589
Montecaseros	ene-18	2018	1	69,7	24,3	9,8	51	-33,03906006	-68,45556589
Montecaseros	feb-18	2018	2	38,4	23,8	5,8	9	-33,03906006	-68,45556589
Montecaseros	mar-18	2018	3	34,4	19,4	0,7	0,8	-33,03906006	-68,45556589
Montecaseros	abr-18	2018	4	31,5	17,1	2,9	0,4	-33,03906006	-68,45556589
Montecaseros	may-18	2018	5	23,4	11,6	-0,2	3,6	-33,03906006	-68,45556589
Montecaseros	jun-18	2018	6	18,1	4,8	-4,6	0,2	-33,03906006	-68,45556589
Montecaseros	nov-18	2018	11	38,3	21,5	6,7	4,6	-33,03906006	-68,45556589
Montecaseros	dic-18	2018	12	38,4	22,8	7,4	7,8	-33,03906006	-68,45556589
Perdriel	ene-17	2017	1	35,6	23,9	10,6	6,6	-33,11872	-68,90911
Perdriel	feb-17	2017	2	34,8	21,3	9,3	38,4	-33,11872	-68,90911
Perdriel	mar-17	2017	3	29,6	17,4	4,6	21,2	-33,11872	-68,90911
Perdriel	abr-17	2017	4	25,7	12,9	0,1	0	-33,11872	-68,90911
Perdriel	may-17	2017	5	24,2	9,3	-2,8	0	-33,11872	-68,90911
Perdriel	jun-17	2017	6	22,8	3,7	-9,3	0	-33,11872	-68,90911
Perdriel	jul-17	2017	7	23,9	2,5	-8,3	0	-33,11872	-68,90911
Perdriel	ago-17	2017	8	24,3	7,6	-5	15,2	-33,11872	-68,90911
Perdriel	sep-17	2017	9	26,7	10,2	-2,8	7,4	-33,11872	-68,90911
Perdriel	oct-17	2017	10	30,3	14,4	-1,5	20,6	-33,11872	-68,90911
Perdriel	nov-17	2017	11	32,3	17,8	1,7	34	-33,11872	-68,90911
Perdriel	dic-17	2017	12	35,4	20	5	66,6	-33,11872	-68,90911
Perdriel	ene-16	2016	1	34,6	22	11	59,6	-33,11872	-68,90911
Perdriel	feb-16	2016	2	34,3	22,3	8	84,4	-33,11872	-68,90911
Perdriel	mar-16	2016	3	31,3	17,7	3,6	68,6	-33,11872	-68,90911
Perdriel	abr-16	2016	4	27,9	11,4	-2,8	72,4	-33,11872	-68,90911
Perdriel	may-16	2016	5	19,3	10,3	0,2	6,2	-33,11872	-68,90911
Perdriel	jun-16	2016	6	16,3	5,4	-4	9,2	-33,11872	-68,90911
Perdriel	jul-16	2016	7	19,3	7,3	-3,6	4,8	-33,11872	-68,90911
Perdriel	ago-16	2016	8	27,4	9,8	-3,5	8	-33,11872	-68,90911
Perdriel	sep-16	2016	9	27,8	11,2	-5	1,2	-33,11872	-68,90911
Perdriel	oct-16	2016	10	28,4	13,8	-0,9	16	-33,11872	-68,90911
Perdriel	nov-16	2016	11	33,7	17,7	0	74	-33,11872	-68,90911
Perdriel	dic-16	2016	12	36,3	21,2	5,2	48,6	-33,11872	-68,90911
Perdriel	ene-15	2015	1	33,8	23	7,8	3,4	-33,11872	-68,90911
Perdriel	feb-15	2015	2	31,7	19,9	7	63,6	-33,11872	-68,90911
Perdriel	mar-15	2015	3	32,9	19	4,8	26	-33,11872	-68,90911
Perdriel	abr-15	2015	4	30	16,1	2,4	7	-33,11872	-68,90911
Perdriel	may-15	2015	5	23,7	9,8	-3	0	-33,11872	-68,90911
Perdriel	jun-15	2015	6	72	6,8	-6,4	0,6	-33,11872	-68,90911
Perdriel	jul-15	2015	7	21,5	5,3	-6,5	1,2	-33,11872	-68,90911
Perdriel	ago-15	2015	8	30,7	8,2	-3,5	11,2	-33,11872	-68,90911
Perdriel	sep-15	2015	9	26,8	10,8	-4,6	7,8	-33,11872	-68,90911
Perdriel	oct-15	2015	10	28,8	10,9	0,9	42,6	-33,11872	-68,90911
Perdriel	nov-15	2015	11	29,6	16,5	3,1	52	-33,11872	-68,90911
Perdriel	dic-15	2015	12	33,7	20,8	6,8	15,4	-33,11872	-68,90911
Perdriel	ene-14	2014	1	36,5	22,8	5,1	26,5	-33,11872	-68,90911
Perdriel	feb-14	2014	2	32,1	18,8	6,9	96,8	-33,11872	-68,90911
Perdriel	mar-14	2014	3	27,3	15,9	1,1	21,6	-33,11872	-68,90911
Perdriel	abr-14	2014	4	23,5	12,6	-2	7,6	-33,11872	-68,90911
Perdriel	may-14	2014	5	25,7	9,6	-3,3	0	-33,11872	-68,90911
Perdriel	jun-14	2014	6	18,9	5,5	-5,5	0	-33,11872	-68,90911
Perdriel	jul-14	2014	7	20,7	5,3	-7,8	0,8	-33,11872	-68,90911
Perdriel	ago-14	2014	8	27,5	9,5	-7,2	8,8	-33,11872	-68,90911
Perdriel	sep-14	2014	9	26,7	12,6	-2,6	12,2	-33,11872	-68,90911
Perdriel	oct-14	2014	10	32,6	17,6	-0,2	7	-33,11872	-68,90911
Perdriel	nov-14	2014	11	33,8	18,2	-0,6	10,4	-33,11872	-68,90911
Perdriel	dic-14	2014	12	34,5	20,2	2,2	55,8	-33,11872	-68,90911
Perdriel	ene-13	2013	1	34,6	22,6	6,9	109,8	-33,11872	-68,90911
Perdriel	feb-13	2013	2	33,1	21,2	5,1	10,6	-33,11872	-68,90911
Perdriel	mar-13	2013	3	31,7	16,3	4,3	30	-33,11872	-68,90911
Perdriel	abr-13	2013	4	27,6	13,7	-0,3	4,6	-33,11872	-68,90911
Perdriel	may-13	2013	5	24,6	9,3	-5,7	15,4	-33,11872	-68,90911
Perdriel	jun-13	2013	6	24,6	6,5	-8,3	0	-33,11872	-68,90911
Perdriel	jul-13	2013	7	23,5	4,7	-11,3	2,8	-33,11872	-68,90911
Perdriel	ago-13	2013	8	26,9	6,6	-7,7	15,2	-33,11872	-68,90911
Perdriel	sep-13	2013	9	34,1	9,2	-4	4,4	-33,11872	-68,90911
Perdriel	oct-13	2013	10	31,6	16,6	-1,1	22,2	-33,11872	-68,90911
Perdriel	nov-13	2013	11	36,1	19,4	5,1	14,8	-33,11872	-68,90911
Perdriel	dic-13	2013	12	34,8	23	7,1	86,2	-33,11872	-68,90911
Perdriel	ene-12	2012	1	36,4	23	10,8	50,6	-33,11872	-68,90911
Perdriel	feb-12	2012	2	33,3	21,1	9,6	36,8	-33,11872	-68,90911
Perdriel	mar-12	2012	3	32	18,5	0,7	1,8	-33,11872	-68,90911
Perdriel	abr-12	2012	4	29,7	13,3	-2,8	16,2	-33,11872	-68,90911
Perdriel	may-12	2012	5	26,9	9,3	-3,4	1	-33,11872	-68,90911
Perdriel	jun-12	2012	6	26,1	5,7	-10	0	-33,11872	-68,90911
Perdriel	jul-12	2012	7	22,8	3,8	-8,8	7,6	-33,11872	-68,90911
Perdriel	ago-12	2012	8	22,7	7,2	-6,7	7	-33,11872	-68,90911
Perdriel	sep-12	2012	9	35	13,2	-1,3	0,8	-33,11872	-68,90911
Perdriel	oct-12	2012	10	28,4	15,2	1,4	23,4	-33,11872	-68,90911
Perdriel	nov-12	2012	11	37,1	19,5	4,2	32	-33,11872	-68,90911
Perdriel	dic-12	2012	12	39,8	22,1	6	2	-33,11872	-68,90911
Perdriel	ene-11	2011	1	33,6	22	7,3	44	-33,11872	-68,90911
Perdriel	feb-11	2011	2	32,7	19,6	0	86,6	-33,11872	-68,90911
Perdriel	mar-11	2011	3	31,4	17,2	1,4	10	-33,11872	-68,90911
Perdriel	abr-11	2011	4	28,6	14,1	-2	1,4	-33,11872	-68,90911
Perdriel	may-11	2011	5	24,9	8,9	-5	2,4	-33,11872	-68,90911
Perdriel	jun-11	2011	6	21,9	4,9	-10,7	0,8	-33,11872	-68,90911
Perdriel	jul-11	2011	7	25,8	4,2	-9,7	6	-33,11872	-68,90911
Perdriel	ago-11	2011	8	23,5	6,6	-7,2	8,4	-33,11872	-68,90911
Perdriel	sep-11	2011	9	31,3	12,1	-4	0	-33,11872	-68,90911
Perdriel	oct-11	2011	10	30,1	14,6	0,1	12,2	-33,11872	-68,90911
Perdriel	nov-11	2011	11	33,9	19,5	3,1	107,4	-33,11872	-68,90911
Perdriel	dic-11	2011	12	34	21,7	6,9	10,6	-33,11872	-68,90911
Perdriel	ene-10	2010	1	36,3	23,4	7,2	22,2	-33,11872	-68,90911
Perdriel	feb-10	2010	2	33,4	21,5	10,2	8,8	-33,11872	-68,90911
Perdriel	mar-10	2010	3	31,4	19,8	7,7	39,4	-33,11872	-68,90911
Perdriel	abr-10	2010	4	26,1	11,9	-1,7	0,8	-33,11872	-68,90911
Perdriel	may-10	2010	5	25,3	8,3	-3,1	21,8	-33,11872	-68,90911
Perdriel	jun-10	2010	6	26,4	6,2	-5,8	1,2	-33,11872	-68,90911
Perdriel	jul-10	2010	7	22,7	3,5	-8,9	22,4	-33,11872	-68,90911
Perdriel	ago-10	2010	8	27,8	6,8	-8,2	16,8	-33,11872	-68,90911
Perdriel	sep-10	2010	9	24,8	11,2	-1,4	9,4	-33,11872	-68,90911
Perdriel	oct-10	2010	10	28,6	15,2	-1,5	21	-33,11872	-68,90911
Perdriel	nov-10	2010	11	59	18,5	0,4	14	-33,11872	-68,90911
Perdriel	dic-10	2010	12	34,7	21,7	3,5	16	-33,11872	-68,90911
Perdriel	ene-09	2009	1	35,3	21,6	8,3	72,8	-33,11872	-68,90911
Perdriel	feb-09	2009	2	33,9	21,6	7,5	0,4	-33,11872	-68,90911
Perdriel	mar-09	2009	3	32,6	19,8	6,8	36	-33,11872	-68,90911
Perdriel	abr-09	2009	4	29,2	15,5	2	0	-33,11872	-68,90911
Perdriel	may-09	2009	5	27,2	9,6	-2	5,8	-33,11872	-68,90911
Perdriel	jun-09	2009	6	26	6	-6,8	5	-33,11872	-68,90911
Perdriel	jul-09	2009	7	20,2	4,6	-8,4	2,6	-33,11872	-68,90911
Perdriel	ago-09	2009	8	28,9	9,6	-5	126	-33,11872	-68,90911
Perdriel	sep-09	2009	9	24,1	9,1	-2,8	26,2	-33,11872	-68,90911
Perdriel	oct-09	2009	10	36,6	15,9	-0,9	0,2	-33,11872	-68,90911
Perdriel	nov-09	2009	11	35,1	19,1	1,7	0,2	-33,11872	-68,90911
Perdriel	dic-09	2009	12	31	19,5	8,8	29,4	-33,11872	-68,90911
Perdriel	ene-08	2008	1	359	21,7	8	93,8	-33,11872	-68,90911
Perdriel	feb-08	2008	2	32,4	20,5	8,1	51,2	-33,11872	-68,90911
Perdriel	mar-08	2008	3	30,4	18,5	9,4	15,4	-33,11872	-68,90911
Perdriel	abr-08	2008	4	28	13	-3,6	3,2	-33,11872	-68,90911
Perdriel	may-08	2008	5	26,3	9	-6	13	-33,11872	-68,90911
Perdriel	jun-08	2008	6	21,6	4,5	-6,5	3,8	-33,11872	-68,90911
Perdriel	jul-08	2008	7	22,8	7,2	-5,3	0,4	-33,11872	-68,90911
Perdriel	ago-08	2008	8	27,2	7,2	-5,3	27,4	-33,11872	-68,90911
Perdriel	sep-08	2008	9	28,2	11	-2,2	23,4	-33,11872	-68,90911
Perdriel	oct-08	2008	10	29,4	15,8	0,7	7	-33,11872	-68,90911
Perdriel	nov-08	2008	11	34,9	21,1	4,1	31,2	-33,11872	-68,90911
Perdriel	dic-08	2008	12	33,6	21,4	8,4	30	-33,11872	-68,90911
Perdriel	ene-07	2007	1	33,1	22,4	9,3	15,6	-33,11872	-68,90911
Perdriel	feb-07	2007	2	34,5	20,7	4,7	36	-33,11872	-68,90911
Perdriel	mar-07	2007	3	30,1	17,7	7,7	89,4	-33,11872	-68,90911
Perdriel	abr-07	2007	4	26,2	13	0,4	20,8	-33,11872	-68,90911
Perdriel	may-07	2007	5	20	6,7	-6,3	3,4	-33,11872	-68,90911
Perdriel	jun-07	2007	6	21,2	4,9	-6,2	17,2	-33,11872	-68,90911
Perdriel	jul-07	2007	7	27,2	4,2	-10,3	2,6	-33,11872	-68,90911
Perdriel	ago-07	2007	8	19,8	3,8	-7,2	20,2	-33,11872	-68,90911
Perdriel	sep-07	2007	9	29,8	11,9	-1,5	0	-33,11872	-68,90911
Perdriel	oct-07	2007	10	27,7	14,8	4,8	0,2	-33,11872	-68,90911
Perdriel	dic-07	2007	12	35,6	21,9	6,3	21,4	-33,11872	-68,90911
Perdriel	ago-06	2006	8	25,5	9,2	-5,4	0,2	-33,11872	-68,90911
Perdriel	sep-06	2006	9	24,8	11,3	-4,4	28,2	-33,11872	-68,90911
Perdriel	oct-06	2006	10	31,7	17,1	1	4,8	-33,11872	-68,90911
Perdriel	nov-06	2006	11	32,9	18,4	4,3	65,2	-33,11872	-68,90911
Perdriel	dic-06	2006	12	32,7	21,9	6,2	27	-33,11872	-68,90911
Perdriel	ene-18	2018	1	38	21,6	9,3	29,4	-33,11872	-68,90911
Perdriel	feb-18	2018	2	36	20,8	3,4	27,6	-33,11872	-68,90911
Perdriel	mar-18	2018	3	30,6	16,2	-1,1	7	-33,11872	-68,90911
Perdriel	abr-18	2018	4	29,8	14	-0,5	3,2	-33,11872	-68,90911
Perdriel	may-18	2018	5	21	8,3	-1,8	5,2	-33,11872	-68,90911
Perdriel	jun-18	2018	6	23,2	3,8	-9,4	3	-33,11872	-68,90911
Perdriel	jul-18	2018	7	25,6	3	-8,7	8	-33,11872	-68,90911
Perdriel	ago-18	2018	8	25,3	6,4	-7,9	8,2	-33,11872	-68,90911
Perdriel	sep-18	2018	9	33,1	12,5	-4,6	2,4	-33,11872	-68,90911
Perdriel	oct-18	2018	10	29,3	14,2	-1,4	11,6	-33,11872	-68,90911
Perdriel	nov-18	2018	11	34,8	17,9	3,8	70,2	-33,11872	-68,90911
Perdriel	dic-18	2018	12	34,6	19,7	5	31	-33,11872	-68,90911
Russel	nov-06	2006	11	35,5	20,2	6,8	5	-33,01286667	-68,74733056
Russel	dic-06	2006	12	37	23,9	8,8	9,4	-33,01286667	-68,74733056
Russel	ene-07	2007	1	36,2	24,1	12,2	2,8	-33,01286667	-68,74733056
Russel	feb-07	2007	2	38,2	22	6,1	14,2	-33,01286667	-68,74733056
Russel	mar-07	2007	3	32,7	19,3	8	23,2	-33,01286667	-68,74733056
Russel	abr-07	2007	4	28,4	15	3	0,8	-33,01286667	-68,74733056
Russel	may-07	2007	5	21,6	8,6	-3,8	1	-33,01286667	-68,74733056
Russel	jun-07	2007	6	22,3	6,9	-3,5	4,4	-33,01286667	-68,74733056
Russel	jul-07	2007	7	22,8	5,7	-7,7	0,2	-33,01286667	-68,74733056
Russel	ago-07	2007	8	22,3	5,5	-6,1	2,6	-33,01286667	-68,74733056
Russel	sep-07	2007	9	32,8	13,4	-1,4	0	-33,01286667	-68,74733056
Russel	oct-07	2007	10	35,1	18,2	4,1	0,6	-33,01286667	-68,74733056
Russel	nov-07	2007	11	35,5	19,9	3,8	21,2	-33,01286667	-68,74733056
Russel	dic-07	2007	12	38,2	22,7	7,7	0,6	-33,01286667	-68,74733056
Russel	ene-08	2008	1	38	23,7	10,1	39,2	-33,01286667	-68,74733056
Russel	feb-08	2008	2	35	22,3	10,9	52	-33,01286667	-68,74733056
Russel	mar-08	2008	3	31,3	20,1	9,4	26,6	-33,01286667	-68,74733056
Russel	abr-08	2008	4	30,3	14,9	-0,6	0	-33,01286667	-68,74733056
Russel	may-08	2008	5	25,7	10	-4,3	6,6	-33,01286667	-68,74733056
Russel	jun-08	2008	6	21,7	6,5	-4,4	1,4	-33,01286667	-68,74733056
Russel	jul-08	2008	7	24,2	8,9	-2,3	0,2	-33,01286667	-68,74733056
Russel	ago-08	2008	8	31,6	10,2	-2,7	9,2	-33,01286667	-68,74733056
Russel	sep-08	2008	9	31,8	12,8	-1,4	8,4	-33,01286667	-68,74733056
Russel	oct-08	2008	10	31,3	17,2	2,9	1	-33,01286667	-68,74733056
Russel	nov-08	2008	11	35,5	22,5	6,2	20,8	-33,01286667	-68,74733056
Russel	dic-08	2008	12	37,1	23,5	10,5	9,4	-33,01286667	-68,74733056
Russel	ene-09	2009	1	38,5	23,4	10,9	32,6	-33,01286667	-68,74733056
Russel	feb-09	2009	2	37,7	23,3	10,1	0	-33,01286667	-68,74733056
Russel	mar-09	2009	3	35,5	21,8	9,7	9,4	-33,01286667	-68,74733056
Russel	abr-09	2009	4	32,1	18,6	4,9	0	-33,01286667	-68,74733056
Russel	may-09	2009	5	27,8	11,8	-4,9	0,8	-33,01286667	-68,74733056
Russel	jun-09	2009	6	27,3	7,9	-2,9	0,2	-33,01286667	-68,74733056
Russel	jul-09	2009	7	22,4	6,4	-5,6	2,8	-33,01286667	-68,74733056
Russel	ago-09	2009	8	30	11,6	-0,8	1,6	-33,01286667	-68,74733056
Russel	sep-09	2009	9	26	10,7	-1,7	1,8	-33,01286667	-68,74733056
Russel	oct-09	2009	10	39,3	17,3	2,3	0	-33,01286667	-68,74733056
Russel	nov-09	2009	11	36,5	21,2	4,4	0	-33,01286667	-68,74733056
Russel	dic-09	2009	12	31,1	20,2	10,1	0	-33,01286667	-68,74733056
Russel	ene-10	2010	1	41	25,6	0	0,4	-33,01286667	-68,74733056
Russel	feb-10	2010	2	37,9	23,1	13,3	14,4	-33,01286667	-68,74733056
Russel	mar-10	2010	3	34,3	21,7	11	17,4	-33,01286667	-68,74733056
Russel	abr-10	2010	4	26,8	14,2	1,7	1,8	-33,01286667	-68,74733056
Russel	may-10	2010	5	26,7	10,1	-1,3	12,6	-33,01286667	-68,74733056
Russel	jun-10	2010	6	26,5	7,5	-3,4	1	-33,01286667	-68,74733056
Russel	jul-10	2010	7	24,9	5,5	-6,2	5,6	-33,01286667	-68,74733056
Russel	ago-10	2010	8	30,8	8,4	-5,3	2,8	-33,01286667	-68,74733056
Russel	sep-10	2010	9	26,8	13,2	0	11,2	-33,01286667	-68,74733056
Russel	oct-10	2010	10	31,1	16,8	0	11,2	-33,01286667	-68,74733056
Russel	nov-10	2010	11	38,1	20,2	0	6,4	-33,01286667	-68,74733056
Russel	dic-10	2010	12	38,5	22,9	0	24,8	-33,01286667	-68,74733056
Russel	ene-11	2011	1	37,5	23,7	0	21,4	-33,01286667	-68,74733056
Russel	feb-11	2011	2	36,6	21,6	0	29,6	-33,01286667	-68,74733056
Russel	mar-11	2011	3	32,9	19,3	0	3,4	-33,01286667	-68,74733056
Russel	abr-11	2011	4	31,5	16,1	0	1,2	-33,01286667	-68,74733056
Russel	may-11	2011	5	25,3	10,6	-4	0,6	-33,01286667	-68,74733056
Russel	jun-11	2011	6	20,3	6,9	-6,4	0,4	-33,01286667	-68,74733056
Russel	jul-11	2011	7	26,6	6,3	-11	3	-33,01286667	-68,74733056
Russel	ago-11	2011	8	23,2	8,3	-6	2,4	-33,01286667	-68,74733056
Russel	sep-11	2011	9	32,8	14,3	-0,1	2	-33,01286667	-68,74733056
Russel	oct-11	2011	10	32,5	16,7	1,4	5,4	-33,01286667	-68,74733056
Russel	nov-11	2011	11	36,7	21,3	4	66,2	-33,01286667	-68,74733056
Russel	dic-11	2011	12	36,8	23,9	8,7	6,4	-33,01286667	-68,74733056
Russel	ene-12	2012	1	40,8	25,3	0	40,4	-33,01286667	-68,74733056
Russel	feb-12	2012	2	35,2	23,4	0	8	-33,01286667	-68,74733056
Russel	mar-12	2012	3	34,6	20,8	0	1	-33,01286667	-68,74733056
Russel	abr-12	2012	4	31	15,2	-1,1	12,2	-33,01286667	-68,74733056
Russel	may-12	2012	5	24,3	11,7	0	0,4	-33,01286667	-68,74733056
Russel	jun-12	2012	6	24	7,3	-6,6	0	-33,01286667	-68,74733056
Russel	jul-12	2012	7	20,3	5,9	-8,2	0,8	-33,01286667	-68,74733056
Russel	ago-12	2012	8	23,7	9,3	-2,6	1,6	-33,01286667	-68,74733056
Russel	sep-12	2012	9	29,1	14,4	-1	8,6	-33,01286667	-68,74733056
Russel	oct-12	2012	10	29,8	16,8	0	5,6	-33,01286667	-68,74733056
Russel	nov-12	2012	11	38,6	21,2	0	6,8	-33,01286667	-68,74733056
Russel	dic-12	2012	12	42	23,6	0	0,4	-33,01286667	-68,74733056
Russel	ene-13	2013	1	37,3	24,5	0	33,8	-33,01286667	-68,74733056
Russel	feb-13	2013	2	36,7	23,7	0	0,8	-33,01286667	-68,74733056
Russel	mar-13	2013	3	32,6	18,5	0	19	-33,01286667	-68,74733056
Russel	abr-13	2013	4	28,8	15,9	0	5	-33,01286667	-68,74733056
Russel	may-13	2013	5	24,6	11,4	-2,6	4	-33,01286667	-68,74733056
Russel	jun-13	2013	6	24,6	8,8	-6	71	-33,01286667	-68,74733056
Russel	jul-13	2013	7	23,9	6,8	-7,2	1	-33,01286667	-68,74733056
Russel	ago-13	2013	8	27,3	8,3	-5	3,4	-33,01286667	-68,74733056
Russel	sep-13	2013	9	33	10,9	-2,9	4,8	-33,01286667	-68,74733056
Russel	oct-13	2013	10	34,6	18,2	1,8	0	-33,01286667	-68,74733056
Russel	nov-13	2013	11	37,4	20,7	6,8	22,6	-33,01286667	-68,74733056
Russel	dic-13	2013	12	36,8	25,8	11	31,2	-33,01286667	-68,74733056
Russel	ene-14	2014	1	41,3	25,2	7,8	10,6	-33,01286667	-68,74733056
Russel	feb-14	2014	2	34,6	20,6	8,4	151,6	-33,01286667	-68,74733056
Russel	mar-14	2014	3	30,3	18,2	4,1	9,6	-33,01286667	-68,74733056
Russel	abr-14	2014	4	25,5	14,5	0	6,6	-33,01286667	-68,74733056
Russel	may-14	2014	5	25,9	11,1	-1,3	9,2	-33,01286667	-68,74733056
Russel	jun-14	2014	6	18,3	8	-3,5	0,8	-33,01286667	-68,74733056
Russel	jul-14	2014	7	20,2	7,2	-5,6	0,4	-33,01286667	-68,74733056
Russel	ago-14	2014	8	28,9	11,1	-3,2	6	-33,01286667	-68,74733056
Russel	sep-14	2014	9	28,7	14,4	0,4	10,6	-33,01286667	-68,74733056
Russel	oct-14	2014	10	34,7	19,5	4,3	14,8	-33,01286667	-68,74733056
Russel	nov-14	2014	11	36,4	20,1	4,2	6	-33,01286667	-68,74733056
Russel	dic-14	2014	12	37,1	22,2	5,5	38,6	-33,01286667	-68,74733056
Russel	ene-15	2015	1	37,3	25,2	8,7	7	-33,01286667	-68,74733056
Russel	feb-15	2015	2	35,2	21,9	8,7	54	-33,01286667	-68,74733056
Russel	mar-15	2015	3	35,7	21,5	8,2	52,8	-33,01286667	-68,74733056
Russel	abr-15	2015	4	31	17,5	5,6	7,4	-33,01286667	-68,74733056
Russel	may-15	2015	5	24,4	12,2	-0,9	0,2	-33,01286667	-68,74733056
Russel	jun-15	2015	6	24,6	9,5	-7,5	1	-33,01286667	-68,74733056
Russel	jul-15	2015	7	19,3	7,2	-3,2	0,8	-33,01286667	-68,74733056
Russel	ago-15	2015	8	32,1	11,5	-1,6	2	-33,01286667	-68,74733056
Russel	sep-15	2015	9	27,5	13,8	0,6	1,2	-33,01286667	-68,74733056
Russel	oct-15	2015	10	30	13,6	3,2	29,2	-33,01286667	-68,74733056
Russel	nov-15	2015	11	31,4	18,3	7,5	33,2	-33,01286667	-68,74733056
Russel	dic-15	2015	12	37,1	23,3	8,5	11,8	-33,01286667	-68,74733056
Russel	ene-16	2016	1	37,8	24,2	13,4	64,6	-33,01286667	-68,74733056
Russel	feb-16	2016	2	36,8	24,4	11,8	65,4	-33,01286667	-68,74733056
Russel	mar-16	2016	3	33,4	19,8	6,7	8,8	-33,01286667	-68,74733056
Russel	abr-16	2016	4	28,7	14,6	2,5	1,2	-33,01286667	-68,74733056
Russel	may-16	2016	5	20	9,4	0	9,6	-33,01286667	-68,74733056
Russel	jun-16	2016	6	17,4	6,6	-3	9,8	-33,01286667	-68,74733056
Russel	jul-16	2016	7	21	6,9	-2,9	0,6	-33,01286667	-68,74733056
Russel	ago-16	2016	8	26,1	12,2	-2	0	-33,01286667	-68,74733056
Russel	sep-16	2016	9	29,5	13,3	-2,3	0,2	-33,01286667	-68,74733056
Russel	oct-16	2016	10	30,7	15,4	4,3	8,4	-33,01286667	-68,74733056
Russel	nov-16	2016	11	36,3	20,8	2,8	11,6	-33,01286667	-68,74733056
Russel	dic-16	2016	12	38,6	22,3	8	24,8	-33,01286667	-68,74733056
Russel	ene-17	2017	1	39,7	26,7	14,1	2,6	-33,01286667	-68,74733056
Russel	feb-17	2017	2	39,1	24,4	13,6	41,2	-33,01286667	-68,74733056
Russel	mar-17	2017	3	32	19,8	7,6	27,8	-33,01286667	-68,74733056
Russel	abr-17	2017	4	27,3	15	3,8	55,2	-33,01286667	-68,74733056
Russel	may-17	2017	5	24,1	11,4	0	5,2	-33,01286667	-68,74733056
Russel	jun-17	2017	6	21,8	7,7	-6,3	1	-33,01286667	-68,74733056
Russel	jul-17	2017	7	24,8	8	-7,9	8,8	-33,01286667	-68,74733056
Russel	ago-17	2017	8	23,2	9,9	-1,8	8,4	-33,01286667	-68,74733056
Russel	sep-17	2017	9	28,7	12,4	0	0,8	-33,01286667	-68,74733056
Russel	oct-17	2017	10	33,3	16,4	0,3	8,2	-33,01286667	-68,74733056
Russel	nov-17	2017	11	35,9	20,7	6,2	19	-33,01286667	-68,74733056
Russel	dic-17	2017	12	38,2	23,2	8,3	43,4	-33,01286667	-68,74733056
Russel	ene-18	2018	1	37,2	23,9	13,5	4,6	-33,01286667	-68,74733056
Russel	feb-18	2018	2	40,1	23,8	7,1	7,6	-33,01286667	-68,74733056
Russel	mar-18	2018	3	35,6	19,3	1,8	2	-33,01286667	-68,74733056
Russel	abr-18	2018	4	31,6	16,5	3,8	0	-33,01286667	-68,74733056
Russel	may-18	2018	5	22,1	11,7	1,5	10,8	-33,01286667	-68,74733056
Russel	jun-18	2018	6	21,1	6,3	-5,6	3,8	-33,01286667	-68,74733056
Russel	jul-18	2018	7	21,6	5,3	-6,4	2,8	-33,01286667	-68,74733056
Russel	ago-18	2018	8	25,8	9	-4,7	0,2	-33,01286667	-68,74733056
Russel	sep-18	2018	9	35,9	14,8	-2,5	5,2	-33,01286667	-68,74733056
Russel	oct-18	2018	10	31,3	16,7	2,6	10,8	-33,01286667	-68,74733056
Russel	nov-18	2018	11	38,1	20,4	4,7	14,2	-33,01286667	-68,74733056
Russel	dic-18	2018	12	38,3	22,4	7,7	3,4	-33,01286667	-68,74733056
Tres Porteñas	ene-17	2017	1	42,9	27,7	14,2	0,8	-32,84877778	-68,3625
Tres Porteñas	feb-17	2017	2	42	25,2	10,5	2,8	-32,84877778	-68,3625
Tres Porteñas	mar-17	2017	3	35,4	21,4	8,2	0,8	-32,84877778	-68,3625
Tres Porteñas	abr-17	2017	4	30,4	15,9	0	2	-32,84877778	-68,3625
Tres Porteñas	may-17	2017	5	27,9	11,9	-1,9	0,4	-32,84877778	-68,3625
Tres Porteñas	jun-17	2017	6	25,3	7,8	-8,6	1	-32,84877778	-68,3625
Tres Porteñas	jul-17	2017	7	23,6	8,1	-9,5	0,8	-32,84877778	-68,3625
Tres Porteñas	ago-17	2017	8	27,3	10	-4,5	15	-32,84877778	-68,3625
Tres Porteñas	sep-17	2017	9	33,8	13,7	-1,5	2	-32,84877778	-68,3625
Tres Porteñas	oct-17	2017	10	37,1	17,7	0,4	18	-32,84877778	-68,3625
Tres Porteñas	nov-17	2017	11	39,6	21,9	4,3	2,2	-32,84877778	-68,3625
Tres Porteñas	dic-17	2017	12	42,4	25,3	9,1	22,8	-32,84877778	-68,3625
Tres Porteñas	ene-16	2016	1	41,2	24,9	13,8	87	-32,84877778	-68,3625
Tres Porteñas	feb-16	2016	2	38,3	25,5	0	37	-32,84877778	-68,3625
Tres Porteñas	mar-16	2016	3	37,1	20,5	7,8	30,6	-32,84877778	-68,3625
Tres Porteñas	abr-16	2016	4	28,1	12,8	-0,8	1,6	-32,84877778	-68,3625
Tres Porteñas	may-16	2016	5	22,3	10,4	0	8,4	-32,84877778	-68,3625
Tres Porteñas	jun-16	2016	6	19	6,5	-5,2	31,8	-32,84877778	-68,3625
Tres Porteñas	jul-16	2016	7	21,2	7,2	-3,7	0,2	-32,84877778	-68,3625
Tres Porteñas	ago-16	2016	8	31,1	12,4	-2,5	0,2	-32,84877778	-68,3625
Tres Porteñas	sep-16	2016	9	32,6	14,3	-3,8	0	-32,84877778	-68,3625
Tres Porteñas	oct-16	2016	10	33,7	17,3	0	9	-32,84877778	-68,3625
Tres Porteñas	nov-16	2016	11	39	21	2	54	-32,84877778	-68,3625
Tres Porteñas	dic-16	2016	12	42,1	24,3	7,7	21,8	-32,84877778	-68,3625
Tres Porteñas	ene-15	2015	1	39,2	25,9	8,2	16,8	-32,84877778	-68,3625
Tres Porteñas	feb-15	2015	2	37,3	22,9	10,1	43,2	-32,84877778	-68,3625
Tres Porteñas	mar-15	2015	3	38,1	22,3	7,7	33,2	-32,84877778	-68,3625
Tres Porteñas	abr-15	2015	4	33,8	18,5	4,3	24,4	-32,84877778	-68,3625
Tres Porteñas	may-15	2015	5	27,5	12,9	-1,5	0,8	-32,84877778	-68,3625
Tres Porteñas	jun-15	2015	6	27	8,8	-5,9	0	-32,84877778	-68,3625
Tres Porteñas	jul-15	2015	7	26,1	7,7	-6,1	0	-32,84877778	-68,3625
Tres Porteñas	ago-15	2015	8	33,5	11,9	-2,3	19	-32,84877778	-68,3625
Tres Porteñas	sep-15	2015	9	30,3	13,7	-1,7	5,6	-32,84877778	-68,3625
Tres Porteñas	oct-15	2015	10	34,3	14,4	2,4	8,4	-32,84877778	-68,3625
Tres Porteñas	nov-15	2015	11	34,7	19,3	4,7	78,4	-32,84877778	-68,3625
Tres Porteñas	dic-15	2015	12	40	24	9,5	25,8	-32,84877778	-68,3625
Tres Porteñas	ene-14	2014	1	41,6	25,6	0	106,2	-32,84877778	-68,3625
Tres Porteñas	feb-14	2014	2	37,4	21,3	0	249,8	-32,84877778	-68,3625
Tres Porteñas	mar-14	2014	3	32	19,2	4	12,8	-32,84877778	-68,3625
Tres Porteñas	abr-14	2014	4	27,8	15,4	0,6	8,2	-32,84877778	-68,3625
Tres Porteñas	may-14	2014	5	25,9	11,9	-2,6	15,2	-32,84877778	-68,3625
Tres Porteñas	jun-14	2014	6	22,7	8,2	-4	0,8	-32,84877778	-68,3625
Tres Porteñas	jul-14	2014	7	22,9	7,9	-6,6	0,6	-32,84877778	-68,3625
Tres Porteñas	ago-14	2014	8	31,8	11,9	-4,3	2,4	-32,84877778	-68,3625
Tres Porteñas	sep-14	2014	9	31,1	15,5	0,8	2	-32,84877778	-68,3625
Tres Porteñas	oct-14	2014	10	36,2	20,8	5	20,2	-32,84877778	-68,3625
Tres Porteñas	nov-14	2014	11	38,1	21,4	3,1	0	-32,84877778	-68,3625
Tres Porteñas	dic-14	2014	12	39,5	23,7	4,9	16,6	-32,84877778	-68,3625
Tres Porteñas	ene-13	2013	1	40,5	26,4	15,1	53,4	-32,84877778	-68,3625
Tres Porteñas	feb-13	2013	2	40,6	24,9	10	31,4	-32,84877778	-68,3625
Tres Porteñas	mar-13	2013	3	35,1	19,8	8,3	1	-32,84877778	-68,3625
Tres Porteñas	abr-13	2013	4	31,9	17,1	2,7	4	-32,84877778	-68,3625
Tres Porteñas	may-13	2013	5	28,4	11,9	-3,8	1,8	-32,84877778	-68,3625
Tres Porteñas	jun-13	2013	6	25,7	9,6	-5,6	0	-32,84877778	-68,3625
Tres Porteñas	jul-13	2013	7	24,3	6,4	-7,5	0	-32,84877778	-68,3625
Tres Porteñas	ago-13	2013	8	27,9	8,1	-5,2	1,4	-32,84877778	-68,3625
Tres Porteñas	sep-13	2013	9	39,2	11,5	-3,4	0	-32,84877778	-68,3625
Tres Porteñas	oct-13	2013	10	36,6	19,8	0	0	-32,84877778	-68,3625
Tres Porteñas	nov-13	2013	11	39	23,5	9,5	0	-32,84877778	-68,3625
Tres Porteñas	dic-13	2013	12	39,4	26,8	12,6	0,6	-32,84877778	-68,3625
Tres Porteñas	ene-12	2012	1	41,8	26,9	14,4	2	-32,84877778	-68,3625
Tres Porteñas	feb-12	2012	2	36,8	24,5	0	0	-32,84877778	-68,3625
Tres Porteñas	mar-12	2012	3	38,3	22,3	0	0	-32,84877778	-68,3625
Tres Porteñas	abr-12	2012	4	33,9	15,6	-2,1	16,4	-32,84877778	-68,3625
Tres Porteñas	may-12	2012	5	27,2	13	-0,7	0,4	-32,84877778	-68,3625
Tres Porteñas	jun-12	2012	6	29,2	8,2	-7,1	0	-32,84877778	-68,3625
Tres Porteñas	jul-12	2012	7	21,9	6,9	-8,1	0	-32,84877778	-68,3625
Tres Porteñas	ago-12	2012	8	26,4	10	-4,6	1,8	-32,84877778	-68,3625
Tres Porteñas	sep-12	2012	9	31,2	15	-1,6	12,8	-32,84877778	-68,3625
Tres Porteñas	oct-12	2012	10	33,4	19	3,4	4,4	-32,84877778	-68,3625
Tres Porteñas	nov-12	2012	11	42,3	23,2	10,8	0,6	-32,84877778	-68,3625
Tres Porteñas	dic-12	2012	12	45,2	25,3	10,3	3,8	-32,84877778	-68,3625
Tres Porteñas	ene-11	2011	1	39,5	25	10	5,2	-32,84877778	-68,3625
Tres Porteñas	feb-11	2011	2	38,4	23,3	11,8	5,2	-32,84877778	-68,3625
Tres Porteñas	mar-11	2011	3	36,1	20,4	3,8	0	-32,84877778	-68,3625
Tres Porteñas	abr-11	2011	4	33,4	17,5	2,8	0	-32,84877778	-68,3625
Tres Porteñas	may-11	2011	5	26,3	11,4	-2,3	72	-32,84877778	-68,3625
Tres Porteñas	jun-11	2011	6	21,8	7	-9	0	-32,84877778	-68,3625
Tres Porteñas	jul-11	2011	7	27,3	6,4	-7,5	0	-32,84877778	-68,3625
Tres Porteñas	ago-11	2011	8	23,4	9,4	-5,5	0	-32,84877778	-68,3625
Tres Porteñas	sep-11	2011	9	35,7	15,4	-2,8	0	-32,84877778	-68,3625
Tres Porteñas	oct-11	2011	10	35	18,6	5,3	10,4	-32,84877778	-68,3625
Tres Porteñas	nov-11	2011	11	36,4	22,8	5	6,4	-32,84877778	-68,3625
Tres Porteñas	dic-11	2011	12	38,5	25,2	9,2	0	-32,84877778	-68,3625
Tres Porteñas	feb-10	2010	2	30,6	22,6	16,7	1	-32,84877778	-68,3625
Tres Porteñas	mar-10	2010	3	38,2	23,3	10,5	25,8	-32,84877778	-68,3625
Tres Porteñas	abr-10	2010	4	29,1	14,9	1,1	0	-32,84877778	-68,3625
Tres Porteñas	may-10	2010	5	28,4	11,7	-3,2	3	-32,84877778	-68,3625
Tres Porteñas	jun-10	2010	6	29	8,5	-5,7	0,4	-32,84877778	-68,3625
Tres Porteñas	jul-10	2010	7	20,9	6,3	-8	0	-32,84877778	-68,3625
Tres Porteñas	ago-10	2010	8	32,7	9,5	-6,2	0	-32,84877778	-68,3625
Tres Porteñas	sep-10	2010	9	29	14,2	0,2	3,8	-32,84877778	-68,3625
Tres Porteñas	oct-10	2010	10	33,9	19,2	0,3	2,8	-32,84877778	-68,3625
Tres Porteñas	nov-10	2010	11	40,3	21,1	0,1	0,2	-32,84877778	-68,3625
Tres Porteñas	dic-10	2010	12	40,7	25	9	1,4	-32,84877778	-68,3625
Tres Porteñas	ene-09	2009	1	39,5	24,1	11,8	46,6	-32,84877778	-68,3625
Tres Porteñas	feb-09	2009	2	38,6	24,1	7,8	8,2	-32,84877778	-68,3625
Tres Porteñas	mar-09	2009	3	36,8	22,6	10,1	17,2	-32,84877778	-68,3625
Tres Porteñas	abr-09	2009	4	33,3	18,7	3,9	0	-32,84877778	-68,3625
Tres Porteñas	may-09	2009	5	29,6	11,9	-1,2	4	-32,84877778	-68,3625
Tres Porteñas	jun-09	2009	6	27,3	7,5	-4,5	0	-32,84877778	-68,3625
Tres Porteñas	jul-09	2009	7	22,3	6,3	-6,5	2,2	-32,84877778	-68,3625
Tres Porteñas	ago-09	2009	8	32,8	12	-3,1	1	-32,84877778	-68,3625
Tres Porteñas	sep-09	2009	9	28,8	11,8	-3,7	2,8	-32,84877778	-68,3625
Tres Porteñas	oct-09	2009	10	40,2	17,8	0,7	0	-32,84877778	-68,3625
Tres Porteñas	nov-09	2009	11	39,1	21,8	4,5	0	-32,84877778	-68,3625
Tres Porteñas	dic-09	2009	12	32,5	22,7	11,3	0	-32,84877778	-68,3625
Tres Porteñas	ene-08	2008	1	39,5	24,9	11,7	74,6	-32,84877778	-68,3625
Tres Porteñas	feb-08	2008	2	37	22,9	11,2	36,2	-32,84877778	-68,3625
Tres Porteñas	mar-08	2008	3	32,9	20,8	10,5	20,8	-32,84877778	-68,3625
Tres Porteñas	abr-08	2008	4	30,6	16	-3,1	0	-32,84877778	-68,3625
Tres Porteñas	may-08	2008	5	27,5	11,2	-4,5	19,2	-32,84877778	-68,3625
Tres Porteñas	jun-08	2008	6	22,6	6,3	-4,9	2,6	-32,84877778	-68,3625
Tres Porteñas	jul-08	2008	7	24,7	8,6	-3,2	0,2	-32,84877778	-68,3625
Tres Porteñas	ago-08	2008	8	33,4	9,8	-2,6	1,6	-32,84877778	-68,3625
Tres Porteñas	sep-08	2008	9	33,4	13,7	-2,5	2,4	-32,84877778	-68,3625
Tres Porteñas	oct-08	2008	10	33,6	18,5	2,9	1,6	-32,84877778	-68,3625
Tres Porteñas	nov-08	2008	11	39	23,4	6,3	46,2	-32,84877778	-68,3625
Tres Porteñas	dic-08	2008	12	37,4	23,9	11,4	41,8	-32,84877778	-68,3625
Tres Porteñas	ene-07	2007	1	37	25,6	13,2	8,4	-32,84877778	-68,3625
Tres Porteñas	feb-07	2007	2	39,5	23,1	6,2	18,4	-32,84877778	-68,3625
Tres Porteñas	mar-07	2007	3	34,5	20	9,4	59	-32,84877778	-68,3625
Tres Porteñas	abr-07	2007	4	31,3	15,7	2,6	1,2	-32,84877778	-68,3625
Tres Porteñas	may-07	2007	5	21,2	9	-5,5	0	-32,84877778	-68,3625
Tres Porteñas	jun-07	2007	6	22,5	6,4	-4,6	4,4	-32,84877778	-68,3625
Tres Porteñas	jul-07	2007	7	25,5	5,6	-10,2	0,8	-32,84877778	-68,3625
Tres Porteñas	ago-07	2007	8	23,5	6,1	-6,6	1,8	-32,84877778	-68,3625
Tres Porteñas	sep-07	2007	9	34,8	14,5	-2,3	1	-32,84877778	-68,3625
Tres Porteñas	oct-07	2007	10	36	19,2	4,6	2,4	-32,84877778	-68,3625
Tres Porteñas	nov-07	2007	11	37,5	21,2	4	5,2	-32,84877778	-68,3625
Tres Porteñas	dic-07	2007	12	40,2	23,8	9,2	17,6	-32,84877778	-68,3625
Tres Porteñas	ene-06	2006	1	40,3	26,2	12,2	1,8	-32,84877778	-68,3625
Tres Porteñas	feb-06	2006	2	37,6	23,9	7,3	5	-32,84877778	-68,3625
Tres Porteñas	mar-06	2006	3	34,4	20,3	0	10,8	-32,84877778	-68,3625
Tres Porteñas	abr-06	2006	4	30,6	16,5	2,2	4,2	-32,84877778	-68,3625
Tres Porteñas	may-06	2006	5	24	10,5	-1,9	0,4	-32,84877778	-68,3625
Tres Porteñas	jun-06	2006	6	26,5	9,5	-2,5	1,6	-32,84877778	-68,3625
Tres Porteñas	jul-06	2006	7	26,8	9,2	-5	0,4	-32,84877778	-68,3625
Tres Porteñas	ago-06	2006	8	29,3	10,5	-4,3	0	-32,84877778	-68,3625
Tres Porteñas	sep-06	2006	9	34,5	14,3	-3,1	10,4	-32,84877778	-68,3625
Tres Porteñas	oct-06	2006	10	36,9	19,4	1,6	1,8	-32,84877778	-68,3625
Tres Porteñas	nov-06	2006	11	38,1	21,7	0	11,2	-32,84877778	-68,3625
Tres Porteñas	dic-06	2006	12	40	24,7	10,3	37,2	-32,84877778	-68,3625
Tres Porteñas	ene-05	2005	1	39,1	24,8	0	34,4	-32,84877778	-68,3625
Tres Porteñas	feb-05	2005	2	37,5	23,8	9	36,8	-32,84877778	-68,3625
Tres Porteñas	mar-05	2005	3	35,9	19,1	7,8	9,2	-32,84877778	-68,3625
Tres Porteñas	abr-05	2005	4	28	13,6	0,8	12,6	-32,84877778	-68,3625
Tres Porteñas	may-05	2005	5	25,4	10,2	-1,4	2,4	-32,84877778	-68,3625
Tres Porteñas	jun-05	2005	6	21,1	8	-3,2	1	-32,84877778	-68,3625
Tres Porteñas	jul-05	2005	7	28,2	8,4	-2,8	2	-32,84877778	-68,3625
Tres Porteñas	ago-05	2005	8	24	9,7	-3,4	10,8	-32,84877778	-68,3625
Tres Porteñas	sep-05	2005	9	28,6	11,7	-1	4,6	-32,84877778	-68,3625
Tres Porteñas	oct-05	2005	10	36,5	17,4	2,8	0,4	-32,84877778	-68,3625
Tres Porteñas	nov-05	2005	11	38,8	23,1	6,3	10,4	-32,84877778	-68,3625
Tres Porteñas	dic-05	2005	12	37,9	24,5	8,2	26,6	-32,84877778	-68,3625
Tres Porteñas	ene-04	2004	1	38,8	28,6	1,7	7,8	-32,84877778	-68,3625
Tres Porteñas	feb-04	2004	2	39,4	26,3	0,1	0,2	-32,84877778	-68,3625
Tres Porteñas	mar-04	2004	3	37	21,1	9	51,6	-32,84877778	-68,3625
Tres Porteñas	abr-04	2004	4	32,3	15,5	1,3	10,2	-32,84877778	-68,3625
Tres Porteñas	may-04	2004	5	23,8	8,8	-0,9	74,4	-32,84877778	-68,3625
Tres Porteñas	jun-04	2004	6	20,1	7,8	-4,6	2,4	-32,84877778	-68,3625
Tres Porteñas	jul-04	2004	7	21,5	6,8	-4,5	1,4	-32,84877778	-68,3625
Tres Porteñas	ago-04	2004	8	32,4	10	-4,5	3,4	-32,84877778	-68,3625
Tres Porteñas	sep-04	2004	9	31,9	14,5	-2	0,2	-32,84877778	-68,3625
Tres Porteñas	oct-04	2004	10	34,2	18,1	2,8	10,4	-32,84877778	-68,3625
Tres Porteñas	nov-04	2004	11	37,8	20,3	2,3	3,6	-32,84877778	-68,3625
Tres Porteñas	dic-04	2004	12	37,4	24,5	10,8	16,6	-32,84877778	-68,3625
Tres Porteñas	ene-03	2003	1	39,1	25,8	10,7	25	-32,84877778	-68,3625
Tres Porteñas	feb-03	2003	2	39,1	23,2	4,5	9,8	-32,84877778	-68,3625
Tres Porteñas	mar-03	2003	3	35,7	23	10,4	17,2	-32,84877778	-68,3625
Tres Porteñas	abr-03	2003	4	28,8	16,6	3,5	14	-32,84877778	-68,3625
Tres Porteñas	may-03	2003	5	24,1	13,3	2,3	3,6	-32,84877778	-68,3625
Tres Porteñas	jun-03	2003	6	22,5	9,8	-3	1	-32,84877778	-68,3625
Tres Porteñas	jul-03	2003	7	22,1	6,9	-5,1	0,4	-32,84877778	-68,3625
Tres Porteñas	ago-03	2003	8	28,2	9,3	-1,7	56	-32,84877778	-68,3625
Tres Porteñas	sep-03	2003	9	34,2	14,7	-2,9	0	-32,84877778	-68,3625
Tres Porteñas	oct-03	2003	10	37,5	20,8	4,2	0	-32,84877778	-68,3625
Tres Porteñas	nov-03	2003	11	37	23,9	9	2	-32,84877778	-68,3625
Tres Porteñas	dic-03	2003	12	39,8	24,3	4,7	3,4	-32,84877778	-68,3625
Tres Porteñas	ene-02	2002	1	38,3	24,3	10,4	16,4	-32,84877778	-68,3625
Tres Porteñas	feb-02	2002	2	37,3	22,9	11,3	7	-32,84877778	-68,3625
Tres Porteñas	mar-02	2002	3	36,4	21	8,4	0	-32,84877778	-68,3625
Tres Porteñas	abr-02	2002	4	36,9	15,3	1,7	34,2	-32,84877778	-68,3625
Tres Porteñas	may-02	2002	5	26,8	12,1	-2,5	1,2	-32,84877778	-68,3625
Tres Porteñas	jun-02	2002	6	21	5,8	-4,9	0,2	-32,84877778	-68,3625
Tres Porteñas	jul-02	2002	7	24,4	7,5	-3,6	0,6	-32,84877778	-68,3625
Tres Porteñas	ago-02	2002	8	31,3	10,6	-4	0,4	-32,84877778	-68,3625
Tres Porteñas	sep-02	2002	9	25	10,4	-0,2	1,8	-32,84877778	-68,3625
Tres Porteñas	oct-02	2002	10	32	19,3	7,8	0,8	-32,84877778	-68,3625
Tres Porteñas	nov-02	2002	11	38,7	21,6	5,3	11,2	-32,84877778	-68,3625
Tres Porteñas	dic-02	2002	12	38,7	23,2	10,6	23	-32,84877778	-68,3625
Tres Porteñas	ene-01	2001	1	39,3	25,2	9,3	95,2	-32,84877778	-68,3625
Tres Porteñas	feb-01	2001	2	39,5	26,1	12,2	2,8	-32,84877778	-68,3625
Tres Porteñas	mar-01	2001	3	37,4	20,7	6,8	95,6	-32,84877778	-68,3625
Tres Porteñas	abr-01	2001	4	28,5	14,5	-1,1	28,8	-32,84877778	-68,3625
Tres Porteñas	may-01	2001	5	25,3	10,8	-0,6	15,2	-32,84877778	-68,3625
Tres Porteñas	jun-01	2001	6	21,4	8,3	-4,7	3,8	-32,84877778	-68,3625
Tres Porteñas	jul-01	2001	7	28,7	7,5	-5,4	2	-32,84877778	-68,3625
Tres Porteñas	ago-01	2001	8	27,6	11,2	-2,1	1,2	-32,84877778	-68,3625
Tres Porteñas	sep-01	2001	9	29	13,1	-0,6	20,4	-32,84877778	-68,3625
Tres Porteñas	oct-01	2001	10	34,3	18,2	5,6	25,8	-32,84877778	-68,3625
Tres Porteñas	nov-01	2001	11	37,2	20,2	5,5	32,6	-32,84877778	-68,3625
Tres Porteñas	dic-01	2001	12	39,3	24,5	3,4	12,4	-32,84877778	-68,3625
Tres Porteñas	ene-00	2000	1	38,1	24,7	13,5	20,8	-32,84877778	-68,3625
Tres Porteñas	feb-00	2000	2	37,4	22,9	10,5	55	-32,84877778	-68,3625
Tres Porteñas	mar-00	2000	3	32,3	20,8	10	117,8	-32,84877778	-68,3625
Tres Porteñas	abr-00	2000	4	26,8	16,6	8,2	8,6	-32,84877778	-68,3625
Tres Porteñas	may-00	2000	5	23,5	10,4	-1,7	12	-32,84877778	-68,3625
Tres Porteñas	jun-00	2000	6	31	8,2	-3,1	10,4	-32,84877778	-68,3625
Tres Porteñas	jul-00	2000	7	21,4	5,6	-6	8,4	-32,84877778	-68,3625
Tres Porteñas	ago-00	2000	8	25,2	9,5	-4,7	0	-32,84877778	-68,3625
Tres Porteñas	sep-00	2000	9	31,1	12,3	-1	4,8	-32,84877778	-68,3625
Tres Porteñas	oct-00	2000	10	36,5	17,7	4,3	28	-32,84877778	-68,3625
Tres Porteñas	nov-00	2000	11	36,7	19,9	3,5	28,2	-32,84877778	-68,3625
Tres Porteñas	dic-00	2000	12	38,1	24	8,3	6	-32,84877778	-68,3625
Tres Porteñas	ene-99	1999	1	37,8	23,7	11,3	60,6	-32,84877778	-68,3625
Tres Porteñas	feb-99	1999	2	39,4	25,3	9,2	14	-32,84877778	-68,3625
Tres Porteñas	mar-99	1999	3	34,7	19,4	7,7	32,6	-32,84877778	-68,3625
Tres Porteñas	abr-99	1999	4	26,5	13,6	-0,9	122,4	-32,84877778	-68,3625
Tres Porteñas	may-99	1999	5	26,2	11,7	0,5	16	-32,84877778	-68,3625
Tres Porteñas	jun-99	1999	6	20,8	7,3	-3,3	2,4	-32,84877778	-68,3625
Tres Porteñas	jul-99	1999	7	26,4	6,1	-4,8	10,8	-32,84877778	-68,3625
Tres Porteñas	ago-99	1999	8	30,8	9,5	-7,7	8,6	-32,84877778	-68,3625
Tres Porteñas	sep-99	1999	9	34,1	15,1	-1	0,6	-32,84877778	-68,3625
Tres Porteñas	oct-99	1999	10	37,6	17,5	1	59,4	-32,84877778	-68,3625
Tres Porteñas	nov-99	1999	11	36,4	19,9	3,9	11,6	-32,84877778	-68,3625
Tres Porteñas	dic-99	1999	12	38,6	22,4	4,7	81,4	-32,84877778	-68,3625
Tres Porteñas	ene-98	1998	1	39,7	24,9	9,6	32	-32,84877778	-68,3625
Tres Porteñas	mar-98	1998	3	30,5	18,2	8,4	0	-32,84877778	-68,3625
Tres Porteñas	abr-98	1998	4	30,3	14,9	2,6	0	-32,84877778	-68,3625
Tres Porteñas	may-98	1998	5	24,9	12,2	-0,8	5	-32,84877778	-68,3625
Tres Porteñas	jun-98	1998	6	22,3	8,6	-2,5	0	-32,84877778	-68,3625
Tres Porteñas	jul-98	1998	7	22	9,1	-2,9	16,6	-32,84877778	-68,3625
Tres Porteñas	ago-98	1998	8	25,6	10,4	-3,2	0	-32,84877778	-68,3625
Tres Porteñas	sep-98	1998	9	29,8	12,2	-0,3	21,2	-32,84877778	-68,3625
Tres Porteñas	oct-98	1998	10	34,3	19,6	2,7	6,8	-32,84877778	-68,3625
Tres Porteñas	nov-98	1998	11	37,4	21,5	3,9	10,4	-32,84877778	-68,3625
Tres Porteñas	dic-98	1998	12	39	24,4	7,8	11,6	-32,84877778	-68,3625
Tres Porteñas	dic-97	1997	12	38,3	23,4	10,1	16,8	-32,84877778	-68,3625
Tres Porteñas	ene-18	2018	1	40,2	25,5	0	33,8	-32,84877778	-68,3625
Tres Porteñas	feb-18	2018	2	42,7	24,9	7,3	40,6	-32,84877778	-68,3625
Tres Porteñas	mar-18	2018	3	36,7	20,4	0,1	0,6	-32,84877778	-68,3625
Tres Porteñas	abr-18	2018	4	35,1	17,9	4,7	24,8	-32,84877778	-68,3625
Tres Porteñas	may-18	2018	5	24,8	12,3	0	6,2	-32,84877778	-68,3625
Tres Porteñas	jun-18	2018	6	23,1	6,2	-7	0,4	-32,84877778	-68,3625
Tres Porteñas	jul-18	2018	7	24	5,4	-8,6	1,2	-32,84877778	-68,3625
Tres Porteñas	ago-18	2018	8	28,9	8,9	-6,8	0	-32,84877778	-68,3625
Tres Porteñas	sep-18	2018	9	38,7	15,5	-3	0,4	-32,84877778	-68,3625
Tres Porteñas	oct-18	2018	10	33,9	17,5	-0,6	0	-32,84877778	-68,3625
